number,date_time,temp,RH,site,block,treatment,
1,6/19/2017 8:00,70.286,60.803,CBE,4,corn,
2,6/19/2017 8:30,70.286,60.833,CBE,4,corn,
3,6/19/2017 9:00,70.286,60.651,CBE,4,corn,
4,6/19/2017 9:30,73.731,67.843,CBE,4,corn,
5,6/19/2017 10:00,82.931,55.582,CBE,4,corn,
6,6/19/2017 10:30,82.753,56.388,CBE,4,corn,
7,6/19/2017 11:00,81.687,52.63,CBE,4,corn,
8,6/19/2017 11:30,89.362,49.656,CBE,4,corn,
9,6/19/2017 12:00,76.246,56.918,CBE,4,corn,
10,6/19/2017 12:30,78.777,52.947,CBE,4,corn,
11,6/19/2017 13:00,73.774,57.333,CBE,4,corn,
12,6/19/2017 13:30,70.803,67.344,CBE,4,corn,
13,6/19/2017 14:00,78.296,51.419,CBE,4,corn,
14,6/19/2017 14:30,76.681,52.754,CBE,4,corn,
15,6/19/2017 15:00,77.815,48.897,CBE,4,corn,
16,6/19/2017 15:30,76.289,51.618,CBE,4,corn,
17,6/19/2017 16:00,77.815,49.408,CBE,4,corn,
18,6/19/2017 16:30,78.076,47.6,CBE,4,corn,
19,6/19/2017 17:00,78.69,47.739,CBE,4,corn,
20,6/19/2017 17:30,79.567,50.207,CBE,4,corn,
21,6/19/2017 18:00,75.29,51.479,CBE,4,corn,
22,6/19/2017 18:30,71.661,55.826,CBE,4,corn,
23,6/19/2017 19:00,64.074,65.766,CBE,4,corn,
24,6/19/2017 19:30,66.686,72.898,CBE,4,corn,
25,6/19/2017 20:00,67.928,68.772,CBE,4,corn,
26,6/19/2017 20:30,72.826,58.333,CBE,4,corn,
27,6/19/2017 21:00,61.804,71.625,CBE,4,corn,
28,6/19/2017 21:30,61.032,73.745,CBE,4,corn,
29,6/19/2017 22:00,60.775,74.143,CBE,4,corn,
30,6/19/2017 22:30,60.69,74.899,CBE,4,corn,
31,6/19/2017 23:00,60.474,78.335,CBE,4,corn,
32,6/19/2017 23:30,59.401,81.751,CBE,4,corn,
33,6/20/2017 0:00,58.755,84.996,CBE,4,corn,
34,6/20/2017 0:30,58.325,87.467,CBE,4,corn,
35,6/20/2017 1:00,57.722,89.857,CBE,4,corn,
36,6/20/2017 1:30,58.109,88.505,CBE,4,corn,
37,6/20/2017 2:00,57.679,88.925,CBE,4,corn,
38,6/20/2017 2:30,57.506,89.854,CBE,4,corn,
39,6/20/2017 3:00,58.023,90.057,CBE,4,corn,
40,6/20/2017 3:30,57.722,92.038,CBE,4,corn,
41,6/20/2017 4:00,57.765,92.827,CBE,4,corn,
42,6/20/2017 4:30,57.893,93.366,CBE,4,corn,
43,6/20/2017 5:00,58.066,94.377,CBE,4,corn,
44,6/20/2017 5:30,57.765,95.185,CBE,4,corn,
45,6/20/2017 6:00,57.247,95.495,CBE,4,corn,
46,6/20/2017 6:30,57.636,94.676,CBE,4,corn,
47,6/20/2017 7:00,59.916,91.558,CBE,4,corn,
48,6/20/2017 7:30,62.019,88.603,CBE,4,corn,
49,6/20/2017 8:00,63.946,83.47,CBE,4,corn,
50,6/20/2017 8:30,65.701,78.554,CBE,4,corn,
51,6/20/2017 9:00,67.114,72.191,CBE,4,corn,
52,6/20/2017 9:30,69.985,64.609,CBE,4,corn,
53,6/20/2017 10:00,70.887,59.301,CBE,4,corn,
54,6/20/2017 10:30,73.126,57.587,CBE,4,corn,
55,6/20/2017 11:00,72.264,56.836,CBE,4,corn,
56,6/20/2017 11:30,77.684,50.929,CBE,4,corn,
57,6/20/2017 12:00,73.818,53.569,CBE,4,corn,
58,6/20/2017 12:30,77.553,47.21,CBE,4,corn,
59,6/20/2017 13:00,77.247,45.803,CBE,4,corn,
60,6/20/2017 13:30,76.375,43.642,CBE,4,corn,
61,6/20/2017 14:00,78.033,42.543,CBE,4,corn,
62,6/20/2017 14:30,77.117,42.257,CBE,4,corn,
63,6/20/2017 15:00,78.382,42.402,CBE,4,corn,
64,6/20/2017 15:30,72.567,46.066,CBE,4,corn,
65,6/20/2017 16:00,65.745,66.49,CBE,4,corn,
66,6/20/2017 16:30,61.205,75.099,CBE,4,corn,
67,6/20/2017 17:00,57.765,88.246,CBE,4,corn,
68,6/20/2017 17:30,58.842,87.107,CBE,4,corn,
69,6/20/2017 18:00,58.928,88.455,CBE,4,corn,
70,6/20/2017 18:30,59.659,89.831,CBE,4,corn,
71,6/20/2017 19:00,62.533,88.026,CBE,4,corn,
72,6/20/2017 19:30,77.117,58.296,CBE,4,corn,
73,6/20/2017 20:00,75.637,60.022,CBE,4,corn,
74,6/20/2017 20:30,62.362,81.314,CBE,4,corn,
75,6/20/2017 21:00,61.075,82.864,CBE,4,corn,
76,6/20/2017 21:30,60.26,84.836,CBE,4,corn,
77,6/20/2017 22:00,58.582,88.675,CBE,4,corn,
78,6/20/2017 22:30,56.512,94.41,CBE,4,corn,
79,6/20/2017 23:00,56.295,95.663,CBE,4,corn,
80,6/20/2017 23:30,55.168,96.568,CBE,4,corn,
81,6/21/2017 0:00,53.253,97.041,CBE,4,corn,
82,6/21/2017 0:30,52.246,97.669,CBE,4,corn,
83,6/21/2017 1:00,51.544,98.089,CBE,4,corn,
84,6/21/2017 1:30,50.445,98.07,CBE,4,corn,
85,6/21/2017 2:00,52.203,98.639,CBE,4,corn,
86,6/21/2017 2:30,51.37,98.984,CBE,4,corn,
87,6/21/2017 3:00,50.841,98.828,CBE,4,corn,
88,6/21/2017 3:30,49.073,98.828,CBE,4,corn,
89,6/21/2017 4:00,48.85,99.14,CBE,4,corn,
90,6/21/2017 4:30,48.227,99.166,CBE,4,corn,
91,6/21/2017 5:00,47.781,99.392,CBE,4,corn,
92,6/21/2017 5:30,46.886,98.884,CBE,4,corn,
93,6/21/2017 6:00,47.959,99.74,CBE,4,corn,
94,6/21/2017 6:30,48.628,99.746,CBE,4,corn,
95,6/21/2017 7:00,56.426,98.43,CBE,4,corn,
96,6/21/2017 7:30,58.282,97.134,CBE,4,corn,
97,6/21/2017 8:00,61.032,93.134,CBE,4,corn,
98,6/21/2017 8:30,65.017,85.664,CBE,4,corn,
99,6/21/2017 9:00,67.885,75.448,CBE,4,corn,
100,6/21/2017 9:30,69.942,69.389,CBE,4,corn,
101,6/21/2017 10:00,73.342,62.537,CBE,4,corn,
102,6/21/2017 10:30,74.034,59.667,CBE,4,corn,
103,6/21/2017 11:00,75.724,53.373,CBE,4,corn,
104,6/21/2017 11:30,77.029,50.371,CBE,4,corn,
105,6/21/2017 12:00,81.154,42.115,CBE,4,corn,
106,6/21/2017 12:30,80.802,43.044,CBE,4,corn,
107,6/21/2017 13:00,82.396,42.915,CBE,4,corn,
108,6/21/2017 13:30,80.139,44.406,CBE,4,corn,
109,6/21/2017 14:00,79.612,43.72,CBE,4,corn,
110,6/21/2017 14:30,78.165,44.569,CBE,4,corn,
111,6/21/2017 15:00,76.725,47.538,CBE,4,corn,
112,6/21/2017 15:30,80.625,41.162,CBE,4,corn,
113,6/21/2017 16:00,81.154,38.649,CBE,4,corn,
114,6/21/2017 16:30,85.532,36.252,CBE,4,corn,
115,6/21/2017 17:00,83.601,37.621,CBE,4,corn,
116,6/21/2017 17:30,83.511,37.75,CBE,4,corn,
117,6/21/2017 18:00,82.175,40.893,CBE,4,corn,
118,6/21/2017 18:30,84.137,39.718,CBE,4,corn,
119,6/21/2017 19:00,85.667,41.468,CBE,4,corn,
120,6/21/2017 19:30,89.776,39.913,CBE,4,corn,
121,6/21/2017 20:00,90.1,36.836,CBE,4,corn,
122,6/21/2017 20:30,89.269,40.952,CBE,4,corn,
123,6/21/2017 21:00,68.013,66.031,CBE,4,corn,
124,6/21/2017 21:30,61.804,85.333,CBE,4,corn,
125,6/21/2017 22:00,60.733,88.109,CBE,4,corn,
126,6/21/2017 22:30,58.755,90.975,CBE,4,corn,
127,6/21/2017 23:00,59.014,91.09,CBE,4,corn,
128,6/21/2017 23:30,59.185,93.446,CBE,4,corn,
129,6/22/2017 0:00,58.842,93.449,CBE,4,corn,
130,6/22/2017 0:30,60.003,94.084,CBE,4,corn,
131,6/22/2017 1:00,60.132,92.141,CBE,4,corn,
132,6/22/2017 1:30,59.659,92.468,CBE,4,corn,
133,6/22/2017 2:00,59.142,92.238,CBE,4,corn,
134,6/22/2017 2:30,60.217,89.162,CBE,4,corn,
135,6/22/2017 3:00,61.162,85.902,CBE,4,corn,
136,6/22/2017 3:30,61.333,85.599,CBE,4,corn,
137,6/22/2017 4:00,61.462,84.309,CBE,4,corn,
138,6/22/2017 4:30,63.005,81.031,CBE,4,corn,
139,6/22/2017 5:00,62.791,80.617,CBE,4,corn,
140,6/22/2017 5:30,63.347,79.233,CBE,4,corn,
141,6/22/2017 6:00,65.273,74.899,CBE,4,corn,
142,6/22/2017 6:30,66.344,75.19,CBE,4,corn,
143,6/22/2017 7:00,69.427,75.39,CBE,4,corn,
144,6/22/2017 7:30,69.814,77.612,CBE,4,corn,
145,6/22/2017 8:00,71.49,77.975,CBE,4,corn,
146,6/22/2017 8:30,71.19,81.095,CBE,4,corn,
147,6/22/2017 9:00,71.404,83.398,CBE,4,corn,
148,6/22/2017 9:30,73.688,81.366,CBE,4,corn,
149,6/22/2017 10:00,76.071,78.041,CBE,4,corn,
150,6/22/2017 10:30,80.537,70.41,CBE,4,corn,
151,6/22/2017 11:00,84.362,60.13,CBE,4,corn,
152,6/22/2017 11:30,86.391,55.669,CBE,4,corn,
153,6/22/2017 12:00,88.626,53.608,CBE,4,corn,
154,6/22/2017 12:30,91.542,52.476,CBE,4,corn,
155,6/22/2017 13:00,89.546,54.418,CBE,4,corn,
156,6/22/2017 13:30,90.379,49.37,CBE,4,corn,
157,6/22/2017 14:00,91.263,48.321,CBE,4,corn,
158,6/22/2017 14:30,91.542,44.485,CBE,4,corn,
159,6/22/2017 15:00,88.443,53.338,CBE,4,corn,
160,6/22/2017 15:30,89.316,50.335,CBE,4,corn,
161,6/22/2017 16:00,88.075,52.57,CBE,4,corn,
162,6/22/2017 16:30,88.443,52.598,CBE,4,corn,
163,6/22/2017 17:00,84.452,60.512,CBE,4,corn,
164,6/22/2017 17:30,83.109,64.353,CBE,4,corn,
165,6/22/2017 18:00,83.914,63.781,CBE,4,corn,
166,6/22/2017 18:30,80.89,68.191,CBE,4,corn,
167,6/22/2017 19:00,75.463,94.479,CBE,4,corn,
168,6/22/2017 19:30,75.681,94.564,CBE,4,corn,
169,6/22/2017 20:00,75.074,95.338,CBE,4,corn,
170,6/22/2017 20:30,74.381,95.935,CBE,4,corn,
171,6/22/2017 21:00,75.42,90.287,CBE,4,corn,
172,6/22/2017 21:30,75.508,87.65,CBE,4,corn,
173,6/22/2017 22:00,75.333,86.125,CBE,4,corn,
174,6/22/2017 22:30,74.856,86.566,CBE,4,corn,
175,6/22/2017 23:00,75.117,85.26,CBE,4,corn,
176,6/22/2017 23:30,74.856,84.891,CBE,4,corn,
177,6/23/2017 0:00,74.511,85.183,CBE,4,corn,
178,6/23/2017 0:30,73.818,85.821,CBE,4,corn,
179,6/23/2017 1:00,73.731,85.365,CBE,4,corn,
180,6/23/2017 1:30,72.997,85.829,CBE,4,corn,
181,6/23/2017 2:00,73.213,85.355,CBE,4,corn,
182,6/23/2017 2:30,72.955,86.545,CBE,4,corn,
183,6/23/2017 3:00,72.696,87.065,CBE,4,corn,
184,6/23/2017 3:30,72.739,87.292,CBE,4,corn,
185,6/23/2017 4:00,72.351,89.001,CBE,4,corn,
186,6/23/2017 4:30,70.459,96.035,CBE,4,corn,
187,6/23/2017 5:00,70.072,98.058,CBE,4,corn,
188,6/23/2017 5:30,70.072,98.581,CBE,4,corn,
189,6/23/2017 6:00,70.158,98.802,CBE,4,corn,
190,6/23/2017 6:30,70.243,99.076,CBE,4,corn,
191,6/23/2017 7:00,70.63,99.238,CBE,4,corn,
192,6/23/2017 7:30,70.93,99.126,CBE,4,corn,
193,6/23/2017 8:00,71.834,97.476,CBE,4,corn,
194,6/23/2017 8:30,72.394,95.597,CBE,4,corn,
195,6/23/2017 9:00,70.93,96.738,CBE,4,corn,
196,6/23/2017 9:30,70.243,97.217,CBE,4,corn,
197,6/23/2017 10:00,70.115,98.247,CBE,4,corn,
198,6/23/2017 10:30,70.846,97.174,CBE,4,corn,
199,6/23/2017 11:00,72.783,94.478,CBE,4,corn,
200,6/23/2017 11:30,74.511,89.562,CBE,4,corn,
201,6/23/2017 12:00,74.77,87.111,CBE,4,corn,
202,6/23/2017 12:30,71.103,87.052,CBE,4,corn,
203,6/23/2017 13:00,74.424,83.01,CBE,4,corn,
204,6/23/2017 13:30,74.206,79.777,CBE,4,corn,
205,6/23/2017 14:00,76.464,76.493,CBE,4,corn,
206,6/23/2017 14:30,78.121,74.485,CBE,4,corn,
207,6/23/2017 15:00,77.378,69.969,CBE,4,corn,
208,6/23/2017 15:30,77.77,68.183,CBE,4,corn,
209,6/23/2017 16:00,75.898,68.237,CBE,4,corn,
210,6/23/2017 16:30,76.942,62.744,CBE,4,corn,
211,6/23/2017 17:00,79.261,62.741,CBE,4,corn,
212,6/23/2017 17:30,76.203,66.074,CBE,4,corn,
213,6/23/2017 18:00,74.424,66.864,CBE,4,corn,
214,6/23/2017 18:30,79.876,55.431,CBE,4,corn,
215,6/23/2017 19:00,80.757,51.763,CBE,4,corn,
216,6/23/2017 19:30,84.587,46.362,CBE,4,corn,
217,6/23/2017 20:00,81.111,45.185,CBE,4,corn,
218,6/23/2017 20:30,78.733,49.986,CBE,4,corn,
219,6/23/2017 21:00,67.627,68.535,CBE,4,corn,
220,6/23/2017 21:30,64.803,78.787,CBE,4,corn,
221,6/23/2017 22:00,62.148,86.896,CBE,4,corn,
222,6/23/2017 22:30,61.891,87.564,CBE,4,corn,
223,6/23/2017 23:00,65.745,76.889,CBE,4,corn,
224,6/23/2017 23:30,65.829,75.39,CBE,4,corn,
225,6/24/2017 0:00,64.418,76.256,CBE,4,corn,
226,6/24/2017 0:30,63.561,76.244,CBE,4,corn,
227,6/24/2017 1:00,63.304,77.993,CBE,4,corn,
228,6/24/2017 1:30,63.09,80.124,CBE,4,corn,
229,6/24/2017 2:00,62.49,83.068,CBE,4,corn,
230,6/24/2017 2:30,61.891,84.991,CBE,4,corn,
231,6/24/2017 3:00,61.506,85.159,CBE,4,corn,
232,6/24/2017 3:30,61.075,86.27,CBE,4,corn,
233,6/24/2017 4:00,60.561,86.904,CBE,4,corn,
234,6/24/2017 4:30,60.217,87.02,CBE,4,corn,
235,6/24/2017 5:00,60.003,87.395,CBE,4,corn,
236,6/24/2017 5:30,59.745,88.004,CBE,4,corn,
237,6/24/2017 6:00,59.401,88.732,CBE,4,corn,
238,6/24/2017 6:30,59.486,89.807,CBE,4,corn,
239,6/24/2017 7:00,61.761,88.004,CBE,4,corn,
240,6/24/2017 7:30,62.962,85.727,CBE,4,corn,
241,6/24/2017 8:00,64.717,82.295,CBE,4,corn,
242,6/24/2017 8:30,66.814,77.154,CBE,4,corn,
243,6/24/2017 9:00,68.356,77.558,CBE,4,corn,
244,6/24/2017 9:30,69.343,72.08,CBE,4,corn,
245,6/24/2017 10:00,71.103,68.65,CBE,4,corn,
246,6/24/2017 10:30,73.299,64.742,CBE,4,corn,
247,6/24/2017 11:00,74.467,62.062,CBE,4,corn,
248,6/24/2017 11:30,73.947,60.273,CBE,4,corn,
249,6/24/2017 12:00,75.463,58.156,CBE,4,corn,
250,6/24/2017 12:30,77.509,58.732,CBE,4,corn,
251,6/24/2017 13:00,74.424,56.922,CBE,4,corn,
252,6/24/2017 13:30,77.596,52.476,CBE,4,corn,
253,6/24/2017 14:00,76.071,54.812,CBE,4,corn,
254,6/24/2017 14:30,74.943,56.188,CBE,4,corn,
255,6/24/2017 15:00,74.034,54.368,CBE,4,corn,
256,6/24/2017 15:30,75.637,54.934,CBE,4,corn,
257,6/24/2017 16:00,72.912,54.622,CBE,4,corn,
258,6/24/2017 16:30,72.178,56.241,CBE,4,corn,
259,6/24/2017 17:00,76.332,50.288,CBE,4,corn,
260,6/24/2017 17:30,70.329,54.943,CBE,4,corn,
261,6/24/2017 18:00,74.856,47.312,CBE,4,corn,
262,6/24/2017 18:30,71.577,47.561,CBE,4,corn,
263,6/24/2017 19:00,77.509,44.689,CBE,4,corn,
264,6/24/2017 19:30,77.117,39.374,CBE,4,corn,
265,6/24/2017 20:00,76.246,42.463,CBE,4,corn,
266,6/24/2017 20:30,72.826,46.627,CBE,4,corn,
267,6/24/2017 21:00,63.775,58.773,CBE,4,corn,
268,6/24/2017 21:30,62.49,67.344,CBE,4,corn,
269,6/24/2017 22:00,60.861,70.863,CBE,4,corn,
270,6/24/2017 22:30,61.934,66.995,CBE,4,corn,
271,6/24/2017 23:00,61.119,66.504,CBE,4,corn,
272,6/24/2017 23:30,57.979,74.85,CBE,4,corn,
273,6/25/2017 0:00,58.755,76.708,CBE,4,corn,
274,6/25/2017 0:30,56.165,83.988,CBE,4,corn,
275,6/25/2017 1:00,56.685,84.324,CBE,4,corn,
276,6/25/2017 1:30,54.865,88.94,CBE,4,corn,
277,6/25/2017 2:00,54.126,90.908,CBE,4,corn,
278,6/25/2017 2:30,57.333,86.962,CBE,4,corn,
279,6/25/2017 3:00,57.936,83.807,CBE,4,corn,
280,6/25/2017 3:30,58.325,82.057,CBE,4,corn,
281,6/25/2017 4:00,58.626,79.976,CBE,4,corn,
282,6/25/2017 4:30,57.031,83.204,CBE,4,corn,
283,6/25/2017 5:00,56.685,82.617,CBE,4,corn,
284,6/25/2017 5:30,55.429,85.534,CBE,4,corn,
285,6/25/2017 6:00,55.69,85.193,CBE,4,corn,
286,6/25/2017 6:30,54.865,85.193,CBE,4,corn,
287,6/25/2017 7:00,57.074,81.574,CBE,4,corn,
288,6/25/2017 7:30,58.066,81.038,CBE,4,corn,
289,6/25/2017 8:00,59.572,78.841,CBE,4,corn,
290,6/25/2017 8:30,61.205,75.552,CBE,4,corn,
291,6/25/2017 9:00,61.506,72.138,CBE,4,corn,
292,6/25/2017 9:30,63.176,68.027,CBE,4,corn,
293,6/25/2017 10:00,66.043,62.561,CBE,4,corn,
294,6/25/2017 10:30,64.888,61.525,CBE,4,corn,
295,6/25/2017 11:00,69.427,55.582,CBE,4,corn,
296,6/25/2017 11:30,69.942,50.857,CBE,4,corn,
297,6/25/2017 12:00,70.243,51.758,CBE,4,corn,
298,6/25/2017 12:30,72.523,47.181,CBE,4,corn,
299,6/25/2017 13:00,70.158,51.563,CBE,4,corn,
300,6/25/2017 13:30,75.724,43.178,CBE,4,corn,
301,6/25/2017 14:00,69.728,46.096,CBE,4,corn,
302,6/25/2017 14:30,71.964,45.544,CBE,4,corn,
303,6/25/2017 15:00,71.577,46.924,CBE,4,corn,
304,6/25/2017 15:30,71.92,45.67,CBE,4,corn,
305,6/25/2017 16:00,73.99,44.812,CBE,4,corn,
306,6/25/2017 16:30,74.381,44.29,CBE,4,corn,
307,6/25/2017 17:00,73.602,44.561,CBE,4,corn,
308,6/25/2017 17:30,73.17,42.498,CBE,4,corn,
309,6/25/2017 18:00,70.63,45.199,CBE,4,corn,
310,6/25/2017 18:30,73.515,42.39,CBE,4,corn,
311,6/25/2017 19:00,73.558,44.397,CBE,4,corn,
312,6/25/2017 19:30,75.898,43.287,CBE,4,corn,
313,6/25/2017 20:00,75.551,43.037,CBE,4,corn,
314,6/25/2017 20:30,64.888,54.288,CBE,4,corn,
315,6/25/2017 21:00,63.862,57.963,CBE,4,corn,
316,6/25/2017 21:30,60.861,65.247,CBE,4,corn,
317,6/25/2017 22:00,60.174,68.711,CBE,4,corn,
318,6/25/2017 22:30,59.659,69.901,CBE,4,corn,
319,6/25/2017 23:00,56.035,90.834,CBE,4,corn,
320,6/25/2017 23:30,56.642,89.498,CBE,4,corn,
321,6/26/2017 0:00,56.295,90.267,CBE,4,corn,
322,6/26/2017 0:30,56.383,88.988,CBE,4,corn,
323,6/26/2017 1:00,56.469,87.966,CBE,4,corn,
324,6/26/2017 1:30,56.122,88.82,CBE,4,corn,
325,6/26/2017 2:00,56.728,87.788,CBE,4,corn,
326,6/26/2017 2:30,56.34,88.902,CBE,4,corn,
327,6/26/2017 3:00,55.819,90.647,CBE,4,corn,
328,6/26/2017 3:30,55.429,91.716,CBE,4,corn,
329,6/26/2017 4:00,55.386,92.749,CBE,4,corn,
330,6/26/2017 4:30,54.909,93.43,CBE,4,corn,
331,6/26/2017 5:00,55.213,93.397,CBE,4,corn,
332,6/26/2017 5:30,54.255,94.621,CBE,4,corn,
333,6/26/2017 6:00,53.994,95.12,CBE,4,corn,
334,6/26/2017 6:30,54.082,95.847,CBE,4,corn,
335,6/26/2017 7:00,56.728,92.81,CBE,4,corn,
336,6/26/2017 7:30,58.626,87.507,CBE,4,corn,
337,6/26/2017 8:00,60.39,81.763,CBE,4,corn,
338,6/26/2017 8:30,62.661,77.102,CBE,4,corn,
339,6/26/2017 9:00,65.059,72.982,CBE,4,corn,
340,6/26/2017 9:30,65.359,66.364,CBE,4,corn,
341,6/26/2017 10:00,67.242,57.856,CBE,4,corn,
342,6/26/2017 10:30,67.798,55.233,CBE,4,corn,
343,6/26/2017 11:00,69.256,50.617,CBE,4,corn,
344,6/26/2017 11:30,71.964,44.485,CBE,4,corn,
345,6/26/2017 12:00,67.372,45.14,CBE,4,corn,
346,6/26/2017 12:30,72.437,44.098,CBE,4,corn,
347,6/26/2017 13:00,68.828,43.574,CBE,4,corn,
348,6/26/2017 13:30,67.158,43.177,CBE,4,corn,
349,6/26/2017 14:00,67.671,46.59,CBE,4,corn,
350,6/26/2017 14:30,73.083,39.988,CBE,4,corn,
351,6/26/2017 15:00,71.103,39.739,CBE,4,corn,
352,6/26/2017 15:30,71.577,39.637,CBE,4,corn,
353,6/26/2017 16:00,73.472,42.062,CBE,4,corn,
354,6/26/2017 16:30,68.698,47.423,CBE,4,corn,
355,6/26/2017 17:00,69.471,44.737,CBE,4,corn,
356,6/26/2017 17:30,74.077,43.365,CBE,4,corn,
357,6/26/2017 18:00,67.543,46.676,CBE,4,corn,
358,6/26/2017 18:30,64.931,54.076,CBE,4,corn,
359,6/26/2017 19:00,61.848,59.629,CBE,4,corn,
360,6/26/2017 19:30,60.904,62.829,CBE,4,corn,
361,6/26/2017 20:00,60.003,60.244,CBE,4,corn,
362,6/26/2017 20:30,57.204,66.408,CBE,4,corn,
363,6/26/2017 21:00,54.734,72.825,CBE,4,corn,
364,6/26/2017 21:30,52.817,77.49,CBE,4,corn,
365,6/26/2017 22:00,51.633,79.652,CBE,4,corn,
366,6/26/2017 22:30,49.516,86.876,CBE,4,corn,
367,6/26/2017 23:00,48.762,90.263,CBE,4,corn,
368,6/26/2017 23:30,48.272,93.342,CBE,4,corn,
369,6/27/2017 0:00,48.938,93.972,CBE,4,corn,
370,6/27/2017 0:30,48.493,95.07,CBE,4,corn,
371,6/27/2017 1:00,49.516,96.153,CBE,4,corn,
372,6/27/2017 1:30,51.237,95.78,CBE,4,corn,
373,6/27/2017 2:00,51.413,94.944,CBE,4,corn,
374,6/27/2017 2:30,50.533,93.9,CBE,4,corn,
375,6/27/2017 3:00,50.797,96.521,CBE,4,corn,
376,6/27/2017 3:30,48.717,96.984,CBE,4,corn,
377,6/27/2017 4:00,47.154,97.22,CBE,4,corn,
378,6/27/2017 4:30,47.557,97.753,CBE,4,corn,
379,6/27/2017 5:00,45.217,97.912,CBE,4,corn,
380,6/27/2017 5:30,45.262,98.95,CBE,4,corn,
381,6/27/2017 6:00,43.443,98.324,CBE,4,corn,
382,6/27/2017 6:30,45.217,99.627,CBE,4,corn,
383,6/27/2017 7:00,55.863,94.83,CBE,4,corn,
384,6/27/2017 7:30,62.661,85.444,CBE,4,corn,
385,6/27/2017 8:00,67.5,70.953,CBE,4,corn,
386,6/27/2017 8:30,68.4,65.324,CBE,4,corn,
387,6/27/2017 9:00,73.818,59.033,CBE,4,corn,
388,6/27/2017 9:30,75.376,52.779,CBE,4,corn,
389,6/27/2017 10:00,78.602,48.086,CBE,4,corn,
390,6/27/2017 10:30,79.173,44.278,CBE,4,corn,
391,6/27/2017 11:00,80.625,41.294,CBE,4,corn,
392,6/27/2017 11:30,74.597,46.717,CBE,4,corn,
393,6/27/2017 12:00,80.802,45.133,CBE,4,corn,
394,6/27/2017 12:30,77.815,44.514,CBE,4,corn,
395,6/27/2017 13:00,76.811,44.513,CBE,4,corn,
396,6/27/2017 13:30,84.094,35.806,CBE,4,corn,
397,6/27/2017 14:00,81.111,37.683,CBE,4,corn,
398,6/27/2017 14:30,82.441,34.61,CBE,4,corn,
399,6/27/2017 15:00,82.263,37.08,CBE,4,corn,
400,6/27/2017 15:30,85.035,32.578,CBE,4,corn,
401,6/27/2017 16:00,81.909,35.053,CBE,4,corn,
402,6/27/2017 16:30,79.084,39.026,CBE,4,corn,
403,6/27/2017 17:00,76.028,41.798,CBE,4,corn,
404,6/27/2017 17:30,76.942,39.824,CBE,4,corn,
405,6/27/2017 18:00,76.854,40.606,CBE,4,corn,
406,6/27/2017 18:30,75.029,41.345,CBE,4,corn,
407,6/27/2017 19:00,71.447,42.486,CBE,4,corn,
408,6/27/2017 19:30,67.757,49.061,CBE,4,corn,
409,6/27/2017 20:00,64.974,55.033,CBE,4,corn,
410,6/27/2017 20:30,61.075,65.415,CBE,4,corn,
411,6/27/2017 21:00,56.944,79.387,CBE,4,corn,
412,6/27/2017 21:30,52.554,90.038,CBE,4,corn,
413,6/27/2017 22:00,50.002,93.364,CBE,4,corn,
414,6/27/2017 22:30,48.493,94.237,CBE,4,corn,
415,6/27/2017 23:00,47.422,96.414,CBE,4,corn,
416,6/27/2017 23:30,47.109,97.51,CBE,4,corn,
417,6/28/2017 0:00,46.256,97.776,CBE,4,corn,
418,6/28/2017 0:30,46.166,98.551,CBE,4,corn,
419,6/28/2017 1:00,45.761,98.881,CBE,4,corn,
420,6/28/2017 1:30,45.986,99.063,CBE,4,corn,
421,6/28/2017 2:00,45.941,98.761,CBE,4,corn,
422,6/28/2017 2:30,46.481,98.772,CBE,4,corn,
423,6/28/2017 3:00,45.714,98.972,CBE,4,corn,
424,6/28/2017 3:30,45.534,99.384,CBE,4,corn,
425,6/28/2017 4:00,47.019,99.175,CBE,4,corn,
426,6/28/2017 4:30,47.154,98.408,CBE,4,corn,
427,6/28/2017 5:00,46.974,98.602,CBE,4,corn,
428,6/28/2017 5:30,46.526,98.803,CBE,4,corn,
429,6/28/2017 6:00,47.064,99.329,CBE,4,corn,
430,6/28/2017 6:30,48.717,98.995,CBE,4,corn,
431,6/28/2017 7:00,58.368,89.018,CBE,4,corn,
432,6/28/2017 7:30,68.227,69.478,CBE,4,corn,
433,6/28/2017 8:00,71.877,59.724,CBE,4,corn,
434,6/28/2017 8:30,64.288,64.662,CBE,4,corn,
435,6/28/2017 9:00,67.158,59.22,CBE,4,corn,
436,6/28/2017 9:30,69.858,54.905,CBE,4,corn,
437,6/28/2017 10:00,74.511,50.218,CBE,4,corn,
438,6/28/2017 10:30,78.865,41.974,CBE,4,corn,
439,6/28/2017 11:00,80.668,40.176,CBE,4,corn,
440,6/28/2017 11:30,81.333,39.819,CBE,4,corn,
441,6/28/2017 12:00,79.612,41.495,CBE,4,corn,
442,6/28/2017 12:30,81.023,42.074,CBE,4,corn,
443,6/28/2017 13:00,83.824,38.101,CBE,4,corn,
444,6/28/2017 13:30,80.272,40.383,CBE,4,corn,
445,6/28/2017 14:00,80.404,41.839,CBE,4,corn,
446,6/28/2017 14:30,76.289,46.705,CBE,4,corn,
447,6/28/2017 15:00,77.203,47.378,CBE,4,corn,
448,6/28/2017 15:30,71.146,62.155,CBE,4,corn,
449,6/28/2017 16:00,73.04,58.936,CBE,4,corn,
450,6/28/2017 16:30,75.508,51.906,CBE,4,corn,
451,6/28/2017 17:00,76.899,49.087,CBE,4,corn,
452,6/28/2017 17:30,73.602,51.667,CBE,4,corn,
453,6/28/2017 18:00,72.783,57.435,CBE,4,corn,
454,6/28/2017 18:30,73.99,53.206,CBE,4,corn,
455,6/28/2017 19:00,73.688,53.434,CBE,4,corn,
456,6/28/2017 19:30,72.264,57.916,CBE,4,corn,
457,6/28/2017 20:00,72.221,55.779,CBE,4,corn,
458,6/28/2017 20:30,72.178,52.219,CBE,4,corn,
459,6/28/2017 21:00,71.19,51.955,CBE,4,corn,
460,6/28/2017 21:30,71.274,52.118,CBE,4,corn,
461,6/28/2017 22:00,71.19,53.394,CBE,4,corn,
462,6/28/2017 22:30,71.19,54.267,CBE,4,corn,
463,6/28/2017 23:00,71.404,54.813,CBE,4,corn,
464,6/28/2017 23:30,69.085,63.654,CBE,4,corn,
465,6/29/2017 0:00,70.372,61.661,CBE,4,corn,
466,6/29/2017 0:30,64.845,89.116,CBE,4,corn,
467,6/29/2017 1:00,64.632,91.577,CBE,4,corn,
468,6/29/2017 1:30,64.074,94.617,CBE,4,corn,
469,6/29/2017 2:00,63.819,96.459,CBE,4,corn,
470,6/29/2017 2:30,63.176,97.193,CBE,4,corn,
471,6/29/2017 3:00,63.09,98.161,CBE,4,corn,
472,6/29/2017 3:30,63.133,98.424,CBE,4,corn,
473,6/29/2017 4:00,63.133,98.784,CBE,4,corn,
474,6/29/2017 4:30,62.704,98.873,CBE,4,corn,
475,6/29/2017 5:00,62.661,98.969,CBE,4,corn,
476,6/29/2017 5:30,62.447,99.064,CBE,4,corn,
477,6/29/2017 6:00,62.748,98.982,CBE,4,corn,
478,6/29/2017 6:30,63.219,97.716,CBE,4,corn,
479,6/29/2017 7:00,67.158,96.058,CBE,4,corn,
480,6/29/2017 7:30,69.129,92.145,CBE,4,corn,
481,6/29/2017 8:00,70.673,85.561,CBE,4,corn,
482,6/29/2017 8:30,70.803,85.467,CBE,4,corn,
483,6/29/2017 9:00,70.502,86.782,CBE,4,corn,
484,6/29/2017 9:30,76.811,78.529,CBE,4,corn,
485,6/29/2017 10:00,80.008,70.087,CBE,4,corn,
486,6/29/2017 10:30,84.049,65.33,CBE,4,corn,
487,6/29/2017 11:00,81.819,62.234,CBE,4,corn,
488,6/29/2017 11:30,81.73,60.213,CBE,4,corn,
489,6/29/2017 12:00,85.172,58.288,CBE,4,corn,
490,6/29/2017 12:30,85.487,55.152,CBE,4,corn,
491,6/29/2017 13:00,86.482,56.311,CBE,4,corn,
492,6/29/2017 13:30,86.754,54.487,CBE,4,corn,
493,6/29/2017 14:00,80.757,62.292,CBE,4,corn,
494,6/29/2017 14:30,85.984,57.694,CBE,4,corn,
495,6/29/2017 15:00,87.436,53.709,CBE,4,corn,
496,6/29/2017 15:30,88.902,56.093,CBE,4,corn,
497,6/29/2017 16:00,86.527,55.234,CBE,4,corn,
498,6/29/2017 16:30,89.407,53.958,CBE,4,corn,
499,6/29/2017 17:00,88.534,56.382,CBE,4,corn,
500,6/29/2017 17:30,85.712,58.238,CBE,4,corn,
501,6/29/2017 18:00,82.665,61.846,CBE,4,corn,
502,6/29/2017 18:30,80.625,65.07,CBE,4,corn,
503,6/29/2017 19:00,76.636,74.294,CBE,4,corn,
504,6/29/2017 19:30,76.768,80.993,CBE,4,corn,
505,6/29/2017 20:00,75.074,83.005,CBE,4,corn,
506,6/29/2017 20:30,73.99,83.548,CBE,4,corn,
507,6/29/2017 21:00,72.869,84.865,CBE,4,corn,
508,6/29/2017 21:30,69.985,95.226,CBE,4,corn,
509,6/29/2017 22:00,69.643,96.472,CBE,4,corn,
510,6/29/2017 22:30,69.814,95.784,CBE,4,corn,
511,6/29/2017 23:00,69.386,96.75,CBE,4,corn,
512,6/29/2017 23:30,69.685,96.952,CBE,4,corn,
513,6/30/2017 0:00,69.557,96.459,CBE,4,corn,
514,6/30/2017 0:30,69.427,96.388,CBE,4,corn,
515,6/30/2017 1:00,69.256,95.994,CBE,4,corn,
516,6/30/2017 1:30,68.828,96.511,CBE,4,corn,
517,6/30/2017 2:00,68.227,97.524,CBE,4,corn,
518,6/30/2017 2:30,67.627,98.035,CBE,4,corn,
519,6/30/2017 3:00,67.5,98.224,CBE,4,corn,
520,6/30/2017 3:30,67.158,98.614,CBE,4,corn,
521,6/30/2017 4:00,67.242,98.834,CBE,4,corn,
522,6/30/2017 4:30,67.329,99.003,CBE,4,corn,
523,6/30/2017 5:00,66.943,99.074,CBE,4,corn,
524,6/30/2017 5:30,66.814,99.287,CBE,4,corn,
525,6/30/2017 6:00,64.888,99.28,CBE,4,corn,
526,6/30/2017 6:30,65.959,99.622,CBE,4,corn,
527,6/30/2017 7:00,67.114,99.487,CBE,4,corn,
528,6/30/2017 7:30,67.456,99.022,CBE,4,corn,
529,6/30/2017 8:00,68.4,97.601,CBE,4,corn,
530,6/30/2017 8:30,68.657,96.118,CBE,4,corn,
531,6/30/2017 9:00,70.329,95.487,CBE,4,corn,
532,6/30/2017 9:30,77.421,88.009,CBE,4,corn,
533,6/30/2017 10:00,79.963,75.713,CBE,4,corn,
534,6/30/2017 10:30,81.687,67.876,CBE,4,corn,
535,6/30/2017 11:00,81.023,70.04,CBE,4,corn,
536,6/30/2017 11:30,84.99,58.932,CBE,4,corn,
537,6/30/2017 12:00,83.959,61.465,CBE,4,corn,
538,6/30/2017 12:30,80.272,68.371,CBE,4,corn,
539,6/30/2017 13:00,82.308,66.357,CBE,4,corn,
540,6/30/2017 13:30,87.028,60.078,CBE,4,corn,
541,6/30/2017 14:00,88.351,55.698,CBE,4,corn,
542,6/30/2017 14:30,87.528,54.324,CBE,4,corn,
543,6/30/2017 15:00,90.612,51.824,CBE,4,corn,
544,6/30/2017 15:30,86.119,59.373,CBE,4,corn,
545,6/30/2017 16:00,83.064,61.23,CBE,4,corn,
546,6/30/2017 16:30,81.244,67.227,CBE,4,corn,
547,6/30/2017 17:00,80.184,70.703,CBE,4,corn,
548,6/30/2017 17:30,78.208,76.425,CBE,4,corn,
549,6/30/2017 18:00,77.203,84.847,CBE,4,corn,
550,6/30/2017 18:30,74.597,91.106,CBE,4,corn,
551,6/30/2017 19:00,72.783,90.262,CBE,4,corn,
552,6/30/2017 19:30,71.06,92.034,CBE,4,corn,
553,6/30/2017 20:00,71.231,93.831,CBE,4,corn,
554,6/30/2017 20:30,71.577,94.574,CBE,4,corn,
555,6/30/2017 21:00,70.63,95.557,CBE,4,corn,
556,6/30/2017 21:30,69.814,96.602,CBE,4,corn,
557,6/30/2017 22:00,68.871,96.412,CBE,4,corn,
558,6/30/2017 22:30,67.928,96.904,CBE,4,corn,
559,6/30/2017 23:00,67.114,97.438,CBE,4,corn,
560,6/30/2017 23:30,68.142,98.32,CBE,4,corn,
561,7/1/2017 0:00,68.356,98.169,CBE,4,corn,
562,7/1/2017 0:30,68.227,97.759,CBE,4,corn,
563,7/1/2017 1:00,68.27,97.582,CBE,4,corn,
564,7/1/2017 1:30,68.227,97.785,CBE,4,corn,
565,7/1/2017 2:00,68.185,97.857,CBE,4,corn,
566,7/1/2017 2:30,68.056,98.515,CBE,4,corn,
567,7/1/2017 3:00,68.185,98.924,CBE,4,corn,
568,7/1/2017 3:30,68.142,99.021,CBE,4,corn,
569,7/1/2017 4:00,67.885,99.268,CBE,4,corn,
570,7/1/2017 4:30,66.344,99.294,CBE,4,corn,
571,7/1/2017 5:00,67.285,99.488,CBE,4,corn,
572,7/1/2017 5:30,66.943,99.823,CBE,4,corn,
573,7/1/2017 6:00,67.285,99.668,CBE,4,corn,
574,7/1/2017 6:30,67.413,99.326,CBE,4,corn,
575,7/1/2017 7:00,67.543,98.931,CBE,4,corn,
576,7/1/2017 7:30,67.798,97.539,CBE,4,corn,
577,7/1/2017 8:00,69.085,95.282,CBE,4,corn,
578,7/1/2017 8:30,70.587,92.83,CBE,4,corn,
579,7/1/2017 9:00,75.029,87.033,CBE,4,corn,
580,7/1/2017 9:30,77.553,78.557,CBE,4,corn,
581,7/1/2017 10:00,80.449,71.923,CBE,4,corn,
582,7/1/2017 10:30,80.537,67.884,CBE,4,corn,
583,7/1/2017 11:00,81.111,62.417,CBE,4,corn,
584,7/1/2017 11:30,82.62,60.508,CBE,4,corn,
585,7/1/2017 12:00,83.869,55.15,CBE,4,corn,
586,7/1/2017 12:30,85.487,55.025,CBE,4,corn,
587,7/1/2017 13:00,85.082,50.642,CBE,4,corn,
588,7/1/2017 13:30,86.211,52.526,CBE,4,corn,
589,7/1/2017 14:00,85.035,50.413,CBE,4,corn,
590,7/1/2017 14:30,82.396,54.654,CBE,4,corn,
591,7/1/2017 15:00,83.869,49.813,CBE,4,corn,
592,7/1/2017 15:30,89.224,43.708,CBE,4,corn,
593,7/1/2017 16:00,86.936,43.431,CBE,4,corn,
594,7/1/2017 16:30,86.437,42.177,CBE,4,corn,
595,7/1/2017 17:00,85.939,46.877,CBE,4,corn,
596,7/1/2017 17:30,84.094,48.181,CBE,4,corn,
597,7/1/2017 18:00,84.587,46.166,CBE,4,corn,
598,7/1/2017 18:30,83.736,44.574,CBE,4,corn,
599,7/1/2017 19:00,82.798,47.313,CBE,4,corn,
600,7/1/2017 19:30,84.272,48.905,CBE,4,corn,
601,7/1/2017 20:00,80.802,48.595,CBE,4,corn,
602,7/1/2017 20:30,76.289,57.077,CBE,4,corn,
603,7/1/2017 21:00,70.974,78.516,CBE,4,corn,
604,7/1/2017 21:30,66.643,86.147,CBE,4,corn,
605,7/1/2017 22:00,63.433,91.491,CBE,4,corn,
606,7/1/2017 22:30,62.661,93.549,CBE,4,corn,
607,7/1/2017 23:00,62.533,94.892,CBE,4,corn,
608,7/1/2017 23:30,61.677,94.716,CBE,4,corn,
609,7/2/2017 0:00,62.62,92.832,CBE,4,corn,
610,7/2/2017 0:30,61.29,93.38,CBE,4,corn,
611,7/2/2017 1:00,61.677,91.433,CBE,4,corn,
612,7/2/2017 1:30,61.891,89.709,CBE,4,corn,
613,7/2/2017 2:00,61.761,88.488,CBE,4,corn,
614,7/2/2017 2:30,61.333,88.912,CBE,4,corn,
615,7/2/2017 3:00,61.376,89.105,CBE,4,corn,
616,7/2/2017 3:30,60.991,88.625,CBE,4,corn,
617,7/2/2017 4:00,59.659,91.838,CBE,4,corn,
618,7/2/2017 4:30,60.217,90.464,CBE,4,corn,
619,7/2/2017 5:00,59.315,92.393,CBE,4,corn,
620,7/2/2017 5:30,59.401,91.907,CBE,4,corn,
621,7/2/2017 6:00,57.893,93.47,CBE,4,corn,
622,7/2/2017 6:30,59.014,94.721,CBE,4,corn,
623,7/2/2017 7:00,69.386,86.363,CBE,4,corn,
624,7/2/2017 7:30,68.571,79.71,CBE,4,corn,
625,7/2/2017 8:00,69.685,76.195,CBE,4,corn,
626,7/2/2017 8:30,72.178,71.238,CBE,4,corn,
627,7/2/2017 9:00,74.856,66.757,CBE,4,corn,
628,7/2/2017 9:30,77.596,63.415,CBE,4,corn,
629,7/2/2017 10:00,80.008,58.323,CBE,4,corn,
630,7/2/2017 10:30,83.287,54.28,CBE,4,corn,
631,7/2/2017 11:00,84.049,50.791,CBE,4,corn,
632,7/2/2017 11:30,83.824,49.713,CBE,4,corn,
633,7/2/2017 12:00,86.119,50.492,CBE,4,corn,
634,7/2/2017 12:30,87.118,48.652,CBE,4,corn,
635,7/2/2017 13:00,87.528,47.181,CBE,4,corn,
636,7/2/2017 13:30,88.579,43.369,CBE,4,corn,
637,7/2/2017 14:00,88.579,45.152,CBE,4,corn,
638,7/2/2017 14:30,89.776,40.047,CBE,4,corn,
639,7/2/2017 15:00,87.573,40.851,CBE,4,corn,
640,7/2/2017 15:30,90.194,32.727,CBE,4,corn,
641,7/2/2017 16:00,89.776,35.193,CBE,4,corn,
642,7/2/2017 16:30,85.217,44.211,CBE,4,corn,
643,7/2/2017 17:00,84.812,40.919,CBE,4,corn,
644,7/2/2017 17:30,83.242,46.759,CBE,4,corn,
645,7/2/2017 18:00,77.639,59.888,CBE,4,corn,
646,7/2/2017 18:30,79.216,57.289,CBE,4,corn,
647,7/2/2017 19:00,77.727,54.001,CBE,4,corn,
648,7/2/2017 19:30,75.594,58.847,CBE,4,corn,
649,7/2/2017 20:00,67.543,81.638,CBE,4,corn,
650,7/2/2017 20:30,65.273,91.132,CBE,4,corn,
651,7/2/2017 21:00,65.059,93.493,CBE,4,corn,
652,7/2/2017 21:30,64.888,94.996,CBE,4,corn,
653,7/2/2017 22:00,64.332,93.891,CBE,4,corn,
654,7/2/2017 22:30,64.589,95.241,CBE,4,corn,
655,7/2/2017 23:00,64.632,96.76,CBE,4,corn,
656,7/2/2017 23:30,64.546,97.655,CBE,4,corn,
657,7/3/2017 0:00,64.033,97.992,CBE,4,corn,
658,7/3/2017 0:30,64.033,98.456,CBE,4,corn,
659,7/3/2017 1:00,64.161,98.424,CBE,4,corn,
660,7/3/2017 1:30,64.074,97.74,CBE,4,corn,
661,7/3/2017 2:00,64.204,98.945,CBE,4,corn,
662,7/3/2017 2:30,63.819,98.681,CBE,4,corn,
663,7/3/2017 3:00,63.005,98.713,CBE,4,corn,
664,7/3/2017 3:30,62.748,98.828,CBE,4,corn,
665,7/3/2017 4:00,62.919,99.11,CBE,4,corn,
666,7/3/2017 4:30,62.533,98.898,CBE,4,corn,
667,7/3/2017 5:00,61.977,99.223,CBE,4,corn,
668,7/3/2017 5:30,62.577,99.544,CBE,4,corn,
669,7/3/2017 6:00,62.577,99.569,CBE,4,corn,
670,7/3/2017 6:30,62.447,99.55,CBE,4,corn,
671,7/3/2017 7:00,62.834,99.251,CBE,4,corn,
672,7/3/2017 7:30,66.173,97.221,CBE,4,corn,
673,7/3/2017 8:00,66.344,96.672,CBE,4,corn,
674,7/3/2017 8:30,68.142,91.365,CBE,4,corn,
675,7/3/2017 9:00,68.484,90.253,CBE,4,corn,
676,7/3/2017 9:30,72.05,83.085,CBE,4,corn,
677,7/3/2017 10:00,74.554,76.424,CBE,4,corn,
678,7/3/2017 10:30,75.42,69.413,CBE,4,corn,
679,7/3/2017 11:00,77.421,68.119,CBE,4,corn,
680,7/3/2017 11:30,74.511,67.89,CBE,4,corn,
681,7/3/2017 12:00,81.864,58.417,CBE,4,corn,
682,7/3/2017 12:30,83.824,56.538,CBE,4,corn,
683,7/3/2017 13:00,83.021,58.921,CBE,4,corn,
684,7/3/2017 13:30,84.227,56.35,CBE,4,corn,
685,7/3/2017 14:00,83.422,55.178,CBE,4,corn,
686,7/3/2017 14:30,85.802,50.372,CBE,4,corn,
687,7/3/2017 15:00,85.127,54.169,CBE,4,corn,
688,7/3/2017 15:30,85.442,47.69,CBE,4,corn,
689,7/3/2017 16:00,85.172,51.549,CBE,4,corn,
690,7/3/2017 16:30,85.577,50.356,CBE,4,corn,
691,7/3/2017 17:00,87.62,46.795,CBE,4,corn,
692,7/3/2017 17:30,85.172,50.165,CBE,4,corn,
693,7/3/2017 18:00,83.199,46.951,CBE,4,corn,
694,7/3/2017 18:30,82.753,47.893,CBE,4,corn,
695,7/3/2017 19:00,83.736,50.608,CBE,4,corn,
696,7/3/2017 19:30,80.802,50.073,CBE,4,corn,
697,7/3/2017 20:00,77.553,55.495,CBE,4,corn,
698,7/3/2017 20:30,74.424,62.515,CBE,4,corn,
699,7/3/2017 21:00,70.201,76.252,CBE,4,corn,
700,7/3/2017 21:30,65.487,88.635,CBE,4,corn,
701,7/3/2017 22:00,63.39,91.962,CBE,4,corn,
702,7/3/2017 22:30,61.804,93.086,CBE,4,corn,
703,7/3/2017 23:00,62.233,88.47,CBE,4,corn,
704,7/3/2017 23:30,62.661,85.498,CBE,4,corn,
705,7/4/2017 0:00,61.59,86.688,CBE,4,corn,
706,7/4/2017 0:30,60.26,90.39,CBE,4,corn,
707,7/4/2017 1:00,59.486,92.155,CBE,4,corn,
708,7/4/2017 1:30,58.971,92.763,CBE,4,corn,
709,7/4/2017 2:00,59.572,89.5,CBE,4,corn,
710,7/4/2017 2:30,60.861,86.809,CBE,4,corn,
711,7/4/2017 3:00,60.561,88.434,CBE,4,corn,
712,7/4/2017 3:30,60.132,90.532,CBE,4,corn,
713,7/4/2017 4:00,59.401,92.903,CBE,4,corn,
714,7/4/2017 4:30,58.541,94.756,CBE,4,corn,
715,7/4/2017 5:00,58.239,95.975,CBE,4,corn,
716,7/4/2017 5:30,58.411,95.871,CBE,4,corn,
717,7/4/2017 6:00,58.195,96.148,CBE,4,corn,
718,7/4/2017 6:30,58.325,96.167,CBE,4,corn,
719,7/4/2017 7:00,60.303,94.388,CBE,4,corn,
720,7/4/2017 7:30,61.29,91.485,CBE,4,corn,
721,7/4/2017 8:00,67.885,80.192,CBE,4,corn,
722,7/4/2017 8:30,66.772,78.708,CBE,4,corn,
723,7/4/2017 9:00,74.163,65.939,CBE,4,corn,
724,7/4/2017 9:30,76.593,57.941,CBE,4,corn,
725,7/4/2017 10:00,78.953,55.577,CBE,4,corn,
726,7/4/2017 10:30,81.909,50.762,CBE,4,corn,
727,7/4/2017 11:00,82.976,51.097,CBE,4,corn,
728,7/4/2017 11:30,84.004,46.583,CBE,4,corn,
729,7/4/2017 12:00,85.802,43.129,CBE,4,corn,
730,7/4/2017 12:30,87.073,43.803,CBE,4,corn,
731,7/4/2017 13:00,89.499,41.366,CBE,4,corn,
732,7/4/2017 13:30,90.703,38.623,CBE,4,corn,
733,7/4/2017 14:00,90.194,40.372,CBE,4,corn,
734,7/4/2017 14:30,88.902,40.664,CBE,4,corn,
735,7/4/2017 15:00,88.855,40.227,CBE,4,corn,
736,7/4/2017 15:30,90.891,38.97,CBE,4,corn,
737,7/4/2017 16:00,88.122,41.051,CBE,4,corn,
738,7/4/2017 16:30,84.317,46.115,CBE,4,corn,
739,7/4/2017 17:00,83.646,46.266,CBE,4,corn,
740,7/4/2017 17:30,89.546,39.966,CBE,4,corn,
741,7/4/2017 18:00,86.891,46.19,CBE,4,corn,
742,7/4/2017 18:30,80.89,54.028,CBE,4,corn,
743,7/4/2017 19:00,82.753,53.603,CBE,4,corn,
744,7/4/2017 19:30,83.377,51.448,CBE,4,corn,
745,7/4/2017 20:00,79.173,60.733,CBE,4,corn,
746,7/4/2017 20:30,75.81,79.22,CBE,4,corn,
747,7/4/2017 21:00,71.361,87.994,CBE,4,corn,
748,7/4/2017 21:30,67.842,90.247,CBE,4,corn,
749,7/4/2017 22:00,66.301,92.713,CBE,4,corn,
750,7/4/2017 22:30,65.188,93.934,CBE,4,corn,
751,7/4/2017 23:00,64.117,94.963,CBE,4,corn,
752,7/4/2017 23:30,62.875,95.385,CBE,4,corn,
753,7/5/2017 0:00,62.019,95.936,CBE,4,corn,
754,7/5/2017 0:30,61.376,96.411,CBE,4,corn,
755,7/5/2017 1:00,60.647,96.536,CBE,4,corn,
756,7/5/2017 1:30,60.517,95.949,CBE,4,corn,
757,7/5/2017 2:00,59.099,96.282,CBE,4,corn,
758,7/5/2017 2:30,58.755,96.076,CBE,4,corn,
759,7/5/2017 3:00,57.893,96.821,CBE,4,corn,
760,7/5/2017 3:30,57.074,97.717,CBE,4,corn,
761,7/5/2017 4:00,56.295,97.499,CBE,4,corn,
762,7/5/2017 4:30,55.429,97.672,CBE,4,corn,
763,7/5/2017 5:00,55.168,98.189,CBE,4,corn,
764,7/5/2017 5:30,54.777,98.331,CBE,4,corn,
765,7/5/2017 6:00,54.3,98.459,CBE,4,corn,
766,7/5/2017 6:30,54.691,98.418,CBE,4,corn,
767,7/5/2017 7:00,60.861,99.257,CBE,4,corn,
768,7/5/2017 7:30,64.503,90.759,CBE,4,corn,
769,7/5/2017 8:00,66.857,85.104,CBE,4,corn,
770,7/5/2017 8:30,71.317,77.841,CBE,4,corn,
771,7/5/2017 9:00,76.203,70.325,CBE,4,corn,
772,7/5/2017 9:30,82.665,60.201,CBE,4,corn,
773,7/5/2017 10:00,100.657,42.139,CBE,4,corn,
774,7/5/2017 10:30,106.862,35.733,CBE,4,corn,
775,7/5/2017 11:00,92.763,34.802,CBE,4,corn,
776,7/5/2017 11:30,83.242,40.593,CBE,4,corn,
777,7/5/2017 12:00,80.845,38.1,CBE,4,corn,
778,7/5/2017 12:30,77.727,36.897,CBE,4,corn,
779,7/5/2017 13:00,77.553,35.225,CBE,4,corn,
780,7/5/2017 13:30,77.859,37.302,CBE,4,corn,
781,7/5/2017 14:00,81.687,40.038,CBE,4,corn,
782,7/5/2017 14:30,74.467,45.584,CBE,4,corn,
783,7/5/2017 15:00,72.997,48.171,CBE,4,corn,
784,7/5/2017 15:30,72.264,49.578,CBE,4,corn,
785,7/5/2017 16:00,72.007,49.781,CBE,4,corn,
786,7/5/2017 16:30,71.964,50.251,CBE,4,corn,
787,7/5/2017 17:00,71.704,51.838,CBE,4,corn,
788,7/5/2017 17:30,71.533,51.793,CBE,4,corn,
789,7/5/2017 18:00,71.404,51.783,CBE,4,corn,
790,7/5/2017 18:30,71.317,52.247,CBE,4,corn,
791,7/5/2017 19:00,71.231,52.428,CBE,4,corn,
792,7/5/2017 19:30,71.19,52.957,CBE,4,corn,
793,7/5/2017 20:00,71.146,53.328,CBE,4,corn,
794,7/5/2017 20:30,71.146,54.574,CBE,4,corn,
795,7/5/2017 21:00,71.146,56.001,CBE,4,corn,
796,7/5/2017 21:30,71.146,57.544,CBE,4,corn,
797,7/5/2017 22:00,71.146,57.821,CBE,4,corn,
798,7/5/2017 22:30,71.146,58.097,CBE,4,corn,
799,7/5/2017 23:00,71.146,58.803,CBE,4,corn,
800,7/5/2017 23:30,71.146,59.293,CBE,4,corn,
801,7/6/2017 0:00,71.146,59.782,CBE,4,corn,
802,7/6/2017 0:30,71.146,59.996,CBE,4,corn,
803,7/6/2017 1:00,71.146,59.843,CBE,4,corn,
804,7/6/2017 1:30,71.103,59.839,CBE,4,corn,
805,7/6/2017 2:00,71.06,59.622,CBE,4,corn,
806,7/6/2017 2:30,71.017,59.098,CBE,4,corn,
807,7/6/2017 3:00,70.974,58.021,CBE,4,corn,
808,7/6/2017 3:30,70.974,58.083,CBE,4,corn,
809,7/6/2017 4:00,70.974,58.451,CBE,4,corn,
810,7/6/2017 4:30,70.887,58.382,CBE,4,corn,
811,7/6/2017 5:00,70.846,58.777,CBE,4,corn,
812,7/6/2017 5:30,70.846,58.9,CBE,4,corn,
813,7/6/2017 6:00,70.803,58.804,CBE,4,corn,
814,7/6/2017 6:30,70.803,58.865,CBE,4,corn,
815,7/6/2017 7:00,70.759,58.739,CBE,4,corn,
816,7/6/2017 7:30,70.759,58.923,CBE,4,corn,
817,7/6/2017 8:00,70.716,58.888,CBE,4,corn,
818,7/6/2017 8:30,70.759,59.229,CBE,4,corn,
819,7/6/2017 9:00,70.759,59.718,CBE,4,corn,
820,7/6/2017 9:30,70.759,59.84,CBE,4,corn,
821,7/6/2017 10:00,70.759,59.596,CBE,4,corn,
822,7/6/2017 10:30,70.759,59.718,CBE,4,corn,
823,7/6/2017 11:00,70.759,60.114,CBE,4,corn,
824,7/6/2017 11:30,70.803,59.966,CBE,4,corn,
825,7/6/2017 12:00,70.803,59.355,CBE,4,corn,
826,7/6/2017 12:30,70.803,58.988,CBE,4,corn,
827,7/6/2017 13:00,70.846,59.206,CBE,4,corn,
828,7/6/2017 13:30,70.887,60.156,CBE,4,corn,
829,7/6/2017 14:00,70.93,60.647,CBE,4,corn,
830,7/6/2017 14:30,70.974,61.26,CBE,4,corn,
831,7/6/2017 15:00,71.146,61.973,CBE,4,corn,
832,7/6/2017 15:30,71.231,61.617,CBE,4,corn,
833,7/6/2017 16:00,71.317,61.685,CBE,4,corn,
834,7/6/2017 16:30,71.404,61.541,CBE,4,corn,
835,7/6/2017 17:00,71.49,61.549,CBE,4,corn,
836,7/6/2017 17:30,71.577,61.861,CBE,4,corn,
837,7/6/2017 18:00,71.661,62.566,CBE,4,corn,
838,7/6/2017 18:30,71.661,63.05,CBE,4,corn,
839,7/6/2017 19:00,71.704,63.386,CBE,4,corn,
840,7/6/2017 19:30,71.748,63.541,CBE,4,corn,
841,7/6/2017 20:00,71.791,63.666,CBE,4,corn,
842,7/6/2017 20:30,71.834,63.881,CBE,4,corn,
843,7/6/2017 21:00,71.877,64.337,CBE,4,corn,
844,7/6/2017 21:30,71.92,65.003,CBE,4,corn,
845,7/6/2017 22:00,71.964,65.637,CBE,4,corn,
846,7/6/2017 22:30,71.964,65.996,CBE,4,corn,
847,7/6/2017 23:00,71.964,66.206,CBE,4,corn,
848,7/6/2017 23:30,72.007,65.97,CBE,4,corn,
849,7/7/2017 0:00,72.007,65.911,CBE,4,corn,
850,7/7/2017 0:30,72.007,65.791,CBE,4,corn,
851,7/7/2017 1:00,72.007,65.881,CBE,4,corn,
852,7/7/2017 1:30,71.964,63.652,CBE,4,corn,
853,7/7/2017 2:00,71.964,63.41,CBE,4,corn,
854,7/7/2017 2:30,72.007,64.078,CBE,4,corn,
855,7/7/2017 3:00,72.007,64.53,CBE,4,corn,
856,7/7/2017 3:30,72.007,64.68,CBE,4,corn,
857,7/7/2017 4:00,72.007,64.951,CBE,4,corn,
858,7/7/2017 4:30,72.007,65.641,CBE,4,corn,
859,7/7/2017 5:00,71.964,67.221,CBE,4,corn,
860,7/7/2017 5:30,71.92,66.71,CBE,4,corn,
861,7/7/2017 6:00,71.877,66.556,CBE,4,corn,
862,7/7/2017 6:30,71.877,66.675,CBE,4,corn,
863,7/7/2017 7:00,71.834,65.774,CBE,4,corn,
864,7/7/2017 7:30,71.791,64.78,CBE,4,corn,
865,7/7/2017 8:00,71.791,64.118,CBE,4,corn,
866,7/7/2017 8:30,71.791,63.726,CBE,4,corn,
867,7/7/2017 9:00,71.748,63.45,CBE,4,corn,
868,7/7/2017 9:30,72.264,63.257,CBE,4,corn,
869,7/7/2017 10:00,72.007,62.658,CBE,4,corn,
870,7/7/2017 10:30,71.704,62.267,CBE,4,corn,
871,7/7/2017 11:00,71.62,64.433,CBE,4,corn,
872,7/7/2017 11:30,71.577,64.309,CBE,4,corn,
873,7/7/2017 12:00,71.661,65.038,CBE,4,corn,
874,7/7/2017 12:30,71.704,65.012,CBE,4,corn,
875,7/7/2017 13:00,71.92,65.902,CBE,4,corn,
876,7/7/2017 13:30,72.007,66.628,CBE,4,corn,
877,7/7/2017 14:00,72.178,66.197,CBE,4,corn,
878,7/7/2017 14:30,72.221,66.56,CBE,4,corn,
879,7/7/2017 15:00,72.437,66.909,CBE,4,corn,
880,7/7/2017 15:30,72.523,67.157,CBE,4,corn,
881,7/7/2017 16:00,72.696,67.591,CBE,4,corn,
882,7/7/2017 16:30,72.61,67.344,CBE,4,corn,
883,7/7/2017 17:00,72.696,67.472,CBE,4,corn,
884,7/7/2017 17:30,72.696,67.442,CBE,4,corn,
885,7/7/2017 18:00,72.783,69.086,CBE,4,corn,
886,7/7/2017 18:30,72.783,69.086,CBE,4,corn,
887,7/7/2017 19:00,72.955,69.785,CBE,4,corn,
888,7/7/2017 19:30,72.869,67.489,CBE,4,corn,
889,7/7/2017 20:00,72.955,68.718,CBE,4,corn,
890,7/7/2017 20:30,72.912,67.493,CBE,4,corn,
891,7/7/2017 21:00,72.826,66.708,CBE,4,corn,
892,7/7/2017 21:30,72.696,65.857,CBE,4,corn,
893,7/7/2017 22:00,72.61,64.255,CBE,4,corn,
894,7/7/2017 22:30,72.351,62.871,CBE,4,corn,
895,7/7/2017 23:00,72.264,61.71,CBE,4,corn,
896,7/7/2017 23:30,72.093,61.238,CBE,4,corn,
897,7/8/2017 0:00,71.964,61.227,CBE,4,corn,
898,7/8/2017 0:30,71.964,60.983,CBE,4,corn,
899,7/8/2017 1:00,71.877,60.945,CBE,4,corn,
900,7/8/2017 1:30,71.748,61.177,CBE,4,corn,
901,7/8/2017 2:00,71.748,61.177,CBE,4,corn,
902,7/8/2017 2:30,71.661,61.078,CBE,4,corn,
903,7/8/2017 3:00,71.62,60.617,CBE,4,corn,
904,7/8/2017 3:30,71.404,58.856,CBE,4,corn,
905,7/8/2017 4:00,71.317,57.404,CBE,4,corn,
906,7/8/2017 4:30,71.274,58.599,CBE,4,corn,
907,7/8/2017 5:00,71.231,58.534,CBE,4,corn,
908,7/8/2017 5:30,71.146,58.097,CBE,4,corn,
909,7/8/2017 6:00,71.103,57.386,CBE,4,corn,
910,7/8/2017 6:30,71.06,56.951,CBE,4,corn,
911,7/8/2017 7:00,71.017,56.886,CBE,4,corn,
912,7/8/2017 7:30,70.974,56.975,CBE,4,corn,
913,7/8/2017 8:00,70.93,56.817,CBE,4,corn,
914,7/8/2017 8:30,70.846,56.841,CBE,4,corn,
915,7/8/2017 9:00,70.803,57.084,CBE,4,corn,
916,7/8/2017 9:30,70.759,57.419,CBE,4,corn,
917,7/8/2017 10:00,70.803,57.453,CBE,4,corn,
918,7/8/2017 10:30,70.716,57.661,CBE,4,corn,
919,7/8/2017 11:00,70.716,57.907,CBE,4,corn,
920,7/8/2017 11:30,70.673,58.21,CBE,4,corn,
921,7/8/2017 12:00,70.587,57.743,CBE,4,corn,
922,7/8/2017 12:30,70.543,57.616,CBE,4,corn,
923,7/8/2017 13:00,70.459,56.839,CBE,4,corn,
924,7/8/2017 13:30,70.372,55.875,CBE,4,corn,
925,7/8/2017 14:00,70.416,54.454,CBE,4,corn,
926,7/8/2017 14:30,70.286,52.105,CBE,4,corn,
927,7/8/2017 15:00,70.286,49.686,CBE,4,corn,
928,7/8/2017 15:30,70.243,48.007,CBE,4,corn,
929,7/8/2017 16:00,70.201,46.256,CBE,4,corn,
930,7/8/2017 16:30,70.201,45.649,CBE,4,corn,
931,7/8/2017 17:00,70.158,45.423,CBE,4,corn,
932,7/8/2017 17:30,70.201,45.458,CBE,4,corn,
933,7/8/2017 18:00,70.115,46.441,CBE,4,corn,
934,7/8/2017 18:30,70.072,46.024,CBE,4,corn,
935,7/8/2017 19:00,70.072,46.215,CBE,4,corn,
936,7/8/2017 19:30,70.029,47.453,CBE,4,corn,
937,7/8/2017 20:00,70.029,47.516,CBE,4,corn,
938,7/8/2017 20:30,69.942,47.32,CBE,4,corn,
939,7/8/2017 21:00,69.985,47.418,CBE,4,corn,
940,7/8/2017 21:30,69.901,49.753,CBE,4,corn,
941,7/8/2017 22:00,69.901,53.231,CBE,4,corn,
942,7/8/2017 22:30,69.942,53.826,CBE,4,corn,
943,7/8/2017 23:00,69.901,52.701,CBE,4,corn,
944,7/8/2017 23:30,69.858,52.197,CBE,4,corn,
945,7/9/2017 0:00,69.771,51.753,CBE,4,corn,
946,7/9/2017 0:30,69.771,51.158,CBE,4,corn,
947,7/9/2017 1:00,69.728,49.96,CBE,4,corn,
948,7/9/2017 1:30,69.728,50.903,CBE,4,corn,
949,7/9/2017 2:00,69.814,51.129,CBE,4,corn,
950,7/9/2017 2:30,69.901,51.481,CBE,4,corn,
951,7/9/2017 3:00,69.942,51.327,CBE,4,corn,
952,7/9/2017 3:30,69.985,51.299,CBE,4,corn,
953,7/9/2017 4:00,69.985,51.487,CBE,4,corn,
954,7/9/2017 4:30,69.942,51.296,CBE,4,corn,
955,7/9/2017 5:00,69.942,50.888,CBE,4,corn,
956,7/9/2017 5:30,69.942,49.882,CBE,4,corn,
957,7/9/2017 6:00,69.942,49.472,CBE,4,corn,
958,7/9/2017 6:30,69.985,49.601,CBE,4,corn,
959,7/9/2017 7:00,70.029,49.794,CBE,4,corn,
960,7/9/2017 7:30,69.942,49.567,CBE,4,corn,
961,7/9/2017 8:00,69.814,48.863,CBE,4,corn,
962,7/9/2017 8:30,69.6,48.879,CBE,4,corn,
963,7/9/2017 9:00,69.557,50.388,CBE,4,corn,
964,7/9/2017 9:30,69.514,52.265,CBE,4,corn,
965,7/9/2017 10:00,69.471,53.912,CBE,4,corn,
966,7/9/2017 10:30,69.427,54.654,CBE,4,corn,
967,7/9/2017 11:00,69.427,55.582,CBE,4,corn,
968,7/9/2017 11:30,69.514,56.237,CBE,4,corn,
969,7/9/2017 12:00,69.6,57.229,CBE,4,corn,
970,7/9/2017 12:30,69.728,57.578,CBE,4,corn,
971,7/9/2017 13:00,69.771,57.919,CBE,4,corn,
972,7/9/2017 13:30,69.858,57.711,CBE,4,corn,
973,7/9/2017 14:00,69.942,57.933,CBE,4,corn,
974,7/9/2017 14:30,69.942,58.363,CBE,4,corn,
975,7/9/2017 15:00,70.029,58.86,CBE,4,corn,
976,7/9/2017 15:30,70.072,59.535,CBE,4,corn,
977,7/9/2017 16:00,70.115,59.326,CBE,4,corn,
978,7/9/2017 16:30,70.115,58.867,CBE,4,corn,
979,7/9/2017 17:00,70.158,58.963,CBE,4,corn,
980,7/9/2017 17:30,70.243,57.99,CBE,4,corn,
981,7/9/2017 18:00,70.158,56.629,CBE,4,corn,
982,7/9/2017 18:30,70.029,56.434,CBE,4,corn,
983,7/9/2017 19:00,69.942,56.365,CBE,4,corn,
984,7/9/2017 19:30,69.858,57.066,CBE,4,corn,
985,7/9/2017 20:00,69.942,58.607,CBE,4,corn,
986,7/9/2017 20:30,69.985,59.406,CBE,4,corn,
987,7/9/2017 21:00,70.029,60.415,CBE,4,corn,
988,7/9/2017 21:30,70.115,60.666,CBE,4,corn,
989,7/9/2017 22:00,70.029,59.898,CBE,4,corn,
990,7/9/2017 22:30,69.985,58.366,CBE,4,corn,
991,7/9/2017 23:00,69.771,57.182,CBE,4,corn,
992,7/9/2017 23:30,69.771,58.348,CBE,4,corn,
993,7/10/2017 0:00,69.814,58.596,CBE,4,corn,
994,7/10/2017 0:30,69.814,58.78,CBE,4,corn,
995,7/10/2017 1:00,69.771,58.96,CBE,4,corn,
996,7/10/2017 1:30,69.685,59.197,CBE,4,corn,
997,7/10/2017 2:00,69.685,59.441,CBE,4,corn,
998,7/10/2017 2:30,69.6,59.768,CBE,4,corn,
999,7/10/2017 3:00,69.557,60.191,CBE,4,corn,
1000,7/10/2017 3:30,69.514,60.309,CBE,4,corn,
1001,7/10/2017 4:00,69.471,60.609,CBE,4,corn,
1002,7/10/2017 4:30,69.514,61.007,CBE,4,corn,
1003,7/10/2017 5:00,69.471,61.609,CBE,4,corn,
1004,7/10/2017 5:30,69.514,62.188,CBE,4,corn,
1005,7/10/2017 6:00,69.557,62.735,CBE,4,corn,
1006,7/10/2017 6:30,69.6,64.692,CBE,4,corn,
1007,7/10/2017 7:00,69.771,66.142,CBE,4,corn,
1008,7/10/2017 7:30,69.901,67.908,CBE,4,corn,
1009,7/10/2017 8:00,70.029,66.584,CBE,4,corn,
1010,7/10/2017 8:30,70.286,66.937,CBE,4,corn,
1011,7/10/2017 9:00,70.803,67.136,CBE,4,corn,
1012,7/10/2017 9:30,71.103,66.242,CBE,4,corn,
1013,7/10/2017 10:00,71.146,65.259,CBE,4,corn,
1014,7/10/2017 10:30,71.361,65.489,CBE,4,corn,
1015,7/10/2017 11:00,71.404,65.403,CBE,4,corn,
1016,7/10/2017 11:30,71.577,64.609,CBE,4,corn,
1017,7/10/2017 12:00,71.533,64.876,CBE,4,corn,
1018,7/10/2017 12:30,71.661,64.948,CBE,4,corn,
1019,7/10/2017 13:00,71.748,65.616,CBE,4,corn,
1020,7/10/2017 13:30,71.748,64.776,CBE,4,corn,
1021,7/10/2017 14:00,71.877,64.578,CBE,4,corn,
1022,7/10/2017 14:30,72.48,64.695,CBE,4,corn,
1023,7/10/2017 15:00,72.955,65.011,CBE,4,corn,
1024,7/10/2017 15:10,,,,Logged,Logged,
1025,7/10/2017 15:10,,,Logged,,,
1026,7/10/2017 15:30,72.912,65.578,,,,
1027,7/10/2017 16:00,72.221,66.35,,,,
1028,7/10/2017 16:30,72.007,67.016,,,,
1029,7/10/2017 17:00,71.964,67.935,,,,
1030,7/10/2017 17:30,71.877,67.421,,,,
1031,7/10/2017 18:00,72.05,67.08,,,,
1032,7/10/2017 18:30,71.964,67.727,,,,
1033,7/10/2017 19:00,71.877,68.669,,,,
1034,7/10/2017 19:30,71.834,68.694,,,,
1035,7/10/2017 20:00,71.834,69.552,,,,
1036,7/10/2017 20:30,71.791,70.02,,,,
1037,7/10/2017 21:00,71.791,70.05,,,,
1038,7/10/2017 21:30,71.62,70.179,,,,
1039,7/10/2017 22:00,71.577,70.91,,,,
1040,7/10/2017 22:30,71.62,71.649,,,,
1041,7/10/2017 23:00,71.62,72.351,,,,
1042,7/10/2017 23:30,71.577,72.551,,,,
1043,7/11/2017 0:00,71.533,72.663,,,,
1044,7/11/2017 0:30,71.49,72.834,,,,
1045,7/11/2017 1:00,71.404,72.999,,,,
1046,7/11/2017 1:30,71.317,73.107,,,,
1047,7/11/2017 2:00,71.231,72.894,,,,
1048,7/11/2017 2:30,71.19,73.093,,,,
1049,7/11/2017 3:00,71.146,73.147,,,,
1050,7/11/2017 3:30,71.103,73.084,,,,
1051,7/11/2017 4:00,71.06,73.021,,,,
1052,7/11/2017 4:30,71.017,72.958,,,,
1053,7/11/2017 5:00,70.974,72.837,,,,
1054,7/11/2017 5:30,70.93,72.628,,,,
1055,7/11/2017 6:00,70.974,73.041,,,,
1056,7/11/2017 6:30,70.974,73.128,,,,
1057,7/11/2017 7:00,70.846,72.415,,,,
1058,7/11/2017 7:30,71.92,75.349,,,,
1059,7/11/2017 8:00,64.418,59.857,,,,
1060,7/11/2017 8:30,68.956,71.398,,,,
1061,7/11/2017 9:00,73.342,76.173,,,,
1062,7/11/2017 9:30,76.986,77.103,,,,
1063,7/11/2017 10:00,80.008,76.801,,,,
1064,7/11/2017 10:30,82.441,75.603,,,,
1065,7/11/2017 11:00,84.677,74.096,,,,
1066,7/11/2017 11:30,86.754,68.739,,,,
1067,7/11/2017 12:00,90.333,64.463,,,,
1068,7/11/2017 12:30,92.527,58.586,,,,
1069,7/11/2017 13:00,95.711,55.802,,,,
1070,7/11/2017 13:30,92.291,52.111,,,,
1071,7/11/2017 14:00,87.757,61.769,,,,
1072,7/11/2017 14:30,89.823,60.067,,,,
1073,7/11/2017 15:00,93.423,54.365,,,,
1074,7/11/2017 15:30,92.997,56.325,,,,
1075,7/11/2017 16:00,96.87,50.093,,,,
1076,7/11/2017 16:30,88.351,61.196,,,,
1077,7/11/2017 17:00,90.286,55.533,,,,
1078,7/11/2017 17:30,88.443,61.486,,,,
1079,7/11/2017 18:00,91.263,54.551,,,,
1080,7/11/2017 18:30,88.214,59.709,,,,
1081,7/11/2017 19:00,82.708,70,,,,
1082,7/11/2017 19:30,82.575,70.438,,,,
1083,7/11/2017 20:00,80.802,73.86,,,,
1084,7/11/2017 20:30,78.777,76.489,,,,
1085,7/11/2017 21:00,77.16,80.41,,,,
1086,7/11/2017 21:30,76.028,82.64,,,,
1087,7/11/2017 22:00,76.071,83.494,,,,
1088,7/11/2017 22:30,75.508,85.028,,,,
1089,7/11/2017 23:00,74.511,87.908,,,,
1090,7/11/2017 23:30,74.163,89.735,,,,
1091,7/12/2017 0:00,72.394,93.726,,,,
1092,7/12/2017 0:30,71.877,95.204,,,,
1093,7/12/2017 1:00,73.083,94.788,,,,
1094,7/12/2017 1:30,73.213,94.646,,,,
1095,7/12/2017 2:00,72.783,95.28,,,,
1096,7/12/2017 2:30,72.653,94.727,,,,
1097,7/12/2017 3:00,71.834,96.26,,,,
1098,7/12/2017 3:30,72.997,92.247,,,,
1099,7/12/2017 4:00,72.912,92.154,,,,
1100,7/12/2017 4:30,69.643,97.628,,,,
1101,7/12/2017 5:00,69.985,98.516,,,,
1102,7/12/2017 5:30,69.557,98.765,,,,
1103,7/12/2017 6:00,69.514,99.097,,,,
1104,7/12/2017 6:30,69.942,99.447,,,,
1105,7/12/2017 7:00,70.974,99.237,,,,
1106,7/12/2017 7:30,70.63,99.081,,,,
1107,7/12/2017 8:00,70.072,98.789,,,,
1108,7/12/2017 8:30,71.834,98.397,,,,
1109,7/12/2017 9:00,71.748,97.832,,,,
1110,7/12/2017 9:30,71.791,97.944,,,,
1111,7/12/2017 10:00,72.007,98.37,,,,
1112,7/12/2017 10:30,72.653,98.859,,,,
1113,7/12/2017 11:00,68.913,99.189,,,,
1114,7/12/2017 11:30,68.657,99.824,,,,
1115,7/12/2017 12:00,69.085,99.837,,,,
1116,7/12/2017 12:30,68.698,100,,,,
1117,7/12/2017 13:00,68.913,100,,,,
1118,7/12/2017 13:30,69.728,100,,,,
1119,7/12/2017 14:00,76.419,97.403,,,,
1120,7/12/2017 14:30,78.645,95.197,,,,
1121,7/12/2017 15:00,77.859,95.167,,,,
1122,7/12/2017 15:30,79.567,91.31,,,,
1123,7/12/2017 16:00,78.953,92.354,,,,
1124,7/12/2017 16:30,78.953,90.759,,,,
1125,7/12/2017 17:00,85.984,82.318,,,,
1126,7/12/2017 17:30,83.199,82.477,,,,
1127,7/12/2017 18:00,82.13,76.921,,,,
1128,7/12/2017 18:30,81.244,79.184,,,,
1129,7/12/2017 19:00,82.753,71.835,,,,
1130,7/12/2017 19:30,79.128,78.911,,,,
1131,7/12/2017 20:00,78.076,81.72,,,,
1132,7/12/2017 20:30,76.158,85.222,,,,
1133,7/12/2017 21:00,74.034,90.812,,,,
1134,7/12/2017 21:30,73.126,93.371,,,,
1135,7/12/2017 22:00,71.791,95.697,,,,
1136,7/12/2017 22:30,71.92,96.908,,,,
1137,7/12/2017 23:00,70.803,97.115,,,,
1138,7/12/2017 23:30,70.63,98.062,,,,
1139,7/13/2017 0:00,70.887,98.283,,,,
1140,7/13/2017 0:30,71.19,98.93,,,,
1141,7/13/2017 1:00,70.63,98.664,,,,
1142,7/13/2017 1:30,70.716,99.016,,,,
1143,7/13/2017 2:00,70.372,99.147,,,,
1144,7/13/2017 2:30,70.846,99.374,,,,
1145,7/13/2017 3:00,71.361,99.138,,,,
1146,7/13/2017 3:30,72.307,99.096,,,,
1147,7/13/2017 4:00,72.394,99.711,,,,
1148,7/13/2017 4:30,72.351,100,,,,
1149,7/13/2017 5:00,72.221,100,,,,
1150,7/13/2017 5:30,71.704,100,,,,
1151,7/13/2017 6:00,70.673,100,,,,
1152,7/13/2017 6:30,70.587,100,,,,
1153,7/13/2017 7:00,71.361,100,,,,
1154,7/13/2017 7:30,71.964,100,,,,
1155,7/13/2017 8:00,72.523,100,,,,
1156,7/13/2017 8:30,72.696,99.991,,,,
1157,7/13/2017 9:00,73.386,99.336,,,,
1158,7/13/2017 9:30,73.99,98.479,,,,
1159,7/13/2017 10:00,74.338,97.843,,,,
1160,7/13/2017 10:30,74.381,96.362,,,,
1161,7/13/2017 11:00,74.511,96.167,,,,
1162,7/13/2017 11:30,78.382,92.139,,,,
1163,7/13/2017 12:00,81.73,85.864,,,,
1164,7/13/2017 12:30,80.802,82.877,,,,
1165,7/13/2017 13:00,80.404,84.395,,,,
1166,7/13/2017 13:30,79.92,82.856,,,,
1167,7/13/2017 14:00,79.655,84.019,,,,
1168,7/13/2017 14:30,78.865,83.354,,,,
1169,7/13/2017 15:00,78.69,82.222,,,,
1170,7/13/2017 15:30,80.537,81.21,,,,
1171,7/13/2017 16:00,77.99,84.267,,,,
1172,7/13/2017 16:30,79.261,81.518,,,,
1173,7/13/2017 17:00,82.13,72.486,,,,
1174,7/13/2017 17:30,84.272,68.737,,,,
1175,7/13/2017 18:00,81.421,70.02,,,,
1176,7/13/2017 18:30,80.845,71.428,,,,
1177,7/13/2017 19:00,77.684,79.264,,,,
1178,7/13/2017 19:30,77.727,78.923,,,,
1179,7/13/2017 20:00,75.16,83.298,,,,
1180,7/13/2017 20:30,73.558,86.039,,,,
1181,7/13/2017 21:00,71.447,91.25,,,,
1182,7/13/2017 21:30,70.587,93.098,,,,
1183,7/13/2017 22:00,69.685,95.421,,,,
1184,7/13/2017 22:30,69.771,96.121,,,,
1185,7/13/2017 23:00,69.514,96.742,,,,
1186,7/13/2017 23:30,68.742,97.6,,,,
1187,7/14/2017 0:00,67.714,98.36,,,,
1188,7/14/2017 0:30,67.627,98.321,,,,
1189,7/14/2017 1:00,66.857,98.31,,,,
1190,7/14/2017 1:30,66.686,98.854,,,,
1191,7/14/2017 2:00,66.13,99.081,,,,
1192,7/14/2017 2:30,65.745,99.203,,,,
1193,7/14/2017 3:00,65.487,99.448,,,,
1194,7/14/2017 3:30,65.658,99.319,,,,
1195,7/14/2017 4:00,64.974,99.267,,,,
1196,7/14/2017 4:30,64.288,99.112,,,,
1197,7/14/2017 5:00,64.288,99.676,,,,
1198,7/14/2017 5:30,64.033,99.407,,,,
1199,7/14/2017 6:00,63.648,99.707,,,,
1200,7/14/2017 6:30,63.39,99.795,,,,
1201,7/14/2017 7:00,63.775,99.777,,,,
1202,7/14/2017 7:30,64.459,99.549,,,,
1203,7/14/2017 8:00,66.13,97.345,,,,
1204,7/14/2017 8:30,66.6,96.841,,,,
1205,7/14/2017 9:00,68.4,90.916,,,,
1206,7/14/2017 9:30,71.92,84.913,,,,
1207,7/14/2017 10:00,74.12,79.453,,,,
1208,7/14/2017 10:30,75.074,79.249,,,,
1209,7/14/2017 11:00,76.681,74.943,,,,
1210,7/14/2017 11:30,78.471,67.531,,,,
1211,7/14/2017 12:00,82.085,61.113,,,,
1212,7/14/2017 12:30,83.959,57.085,,,,
1213,7/14/2017 13:00,82.175,59.66,,,,
1214,7/14/2017 13:30,80.492,59.702,,,,
1215,7/14/2017 14:00,76.986,65.848,,,,
1216,7/14/2017 14:30,83.556,54.205,,,,
1217,7/14/2017 15:00,77.815,61.229,,,,
1218,7/14/2017 15:30,84.722,52.029,,,,
1219,7/14/2017 16:00,84.004,51.783,,,,
1220,7/14/2017 16:30,84.004,50.338,,,,
1221,7/14/2017 17:00,77.99,59.114,,,,
1222,7/14/2017 17:30,75.942,63.232,,,,
1223,7/14/2017 18:00,72.955,66.691,,,,
1224,7/14/2017 18:30,75.681,63.299,,,,
1225,7/14/2017 19:00,73.645,66.698,,,,
1226,7/14/2017 19:30,72.093,69.992,,,,
1227,7/14/2017 20:00,70.029,72.736,,,,
1228,7/14/2017 20:30,67.842,78.691,,,,
1229,7/14/2017 21:00,65.872,83.849,,,,
1230,7/14/2017 21:30,64.589,87.677,,,,
1231,7/14/2017 22:00,63.732,90.654,,,,
1232,7/14/2017 22:30,63.09,92.212,,,,
1233,7/14/2017 23:00,62.191,94.32,,,,
1234,7/14/2017 23:30,61.804,95.541,,,,
1235,7/15/2017 0:00,61.376,96.204,,,,
1236,7/15/2017 0:30,61.032,97.288,,,,
1237,7/15/2017 1:00,60.775,97.865,,,,
1238,7/15/2017 1:30,60.26,97.737,,,,
1239,7/15/2017 2:00,59.616,98.33,,,,
1240,7/15/2017 2:30,59.142,98.003,,,,
1241,7/15/2017 3:00,58.669,99.025,,,,
1242,7/15/2017 3:30,58.455,98.637,,,,
1243,7/15/2017 4:00,57.85,98.799,,,,
1244,7/15/2017 4:30,57.506,99.15,,,,
1245,7/15/2017 5:00,56.858,99.102,,,,
1246,7/15/2017 5:30,55.69,98.369,,,,
1247,7/15/2017 6:00,54.212,98.546,,,,
1248,7/15/2017 6:30,53.865,98.744,,,,
1249,7/15/2017 7:00,57.549,99.863,,,,
1250,7/15/2017 7:30,59.142,98.868,,,,
1251,7/15/2017 8:00,61.29,97.737,,,,
1252,7/15/2017 8:30,64.288,97.099,,,,
1253,7/15/2017 9:00,66.985,90.239,,,,
1254,7/15/2017 9:30,68.999,86.396,,,,
1255,7/15/2017 10:00,74.727,73.883,,,,
1256,7/15/2017 10:30,77.902,65.542,,,,
1257,7/15/2017 11:00,79.304,60.25,,,,
1258,7/15/2017 11:30,82.441,55.448,,,,
1259,7/15/2017 12:00,81.819,55.903,,,,
1260,7/15/2017 12:30,83.332,56.435,,,,
1261,7/15/2017 13:00,84.227,48.546,,,,
1262,7/15/2017 13:30,83.824,52.569,,,,
1263,7/15/2017 14:00,86.256,51.63,,,,
1264,7/15/2017 14:30,85.172,49.874,,,,
1265,7/15/2017 15:00,87.028,46.166,,,,
1266,7/15/2017 15:30,87.118,46.041,,,,
1267,7/15/2017 16:00,86.482,47.306,,,,
1268,7/15/2017 16:30,86.211,48.491,,,,
1269,7/15/2017 17:00,85.127,49.548,,,,
1270,7/15/2017 17:30,83.109,52.164,,,,
1271,7/15/2017 18:00,83.064,54.484,,,,
1272,7/15/2017 18:30,79.304,61.885,,,,
1273,7/15/2017 19:00,77.639,64.515,,,,
1274,7/15/2017 19:30,74.424,70.35,,,,
1275,7/15/2017 20:00,72.437,68.458,,,,
1276,7/15/2017 20:30,72.221,69.444,,,,
1277,7/15/2017 21:00,67.627,84.18,,,,
1278,7/15/2017 21:30,63.775,90.819,,,,
1279,7/15/2017 22:00,62.533,93.399,,,,
1280,7/15/2017 22:30,61.761,94.128,,,,
1281,7/15/2017 23:00,62.148,95.539,,,,
1282,7/15/2017 23:30,61.891,96.951,,,,
1283,7/16/2017 0:00,60.861,96.283,,,,
1284,7/16/2017 0:30,62.577,97.311,,,,
1285,7/16/2017 1:00,63.819,96.147,,,,
1286,7/16/2017 1:30,64.845,92.51,,,,
1287,7/16/2017 2:00,64.204,94.976,,,,
1288,7/16/2017 2:30,62.748,95.21,,,,
1289,7/16/2017 3:00,62.105,97.035,,,,
1290,7/16/2017 3:30,64.161,96.457,,,,
1291,7/16/2017 4:00,63.048,98.309,,,,
1292,7/16/2017 4:30,64.117,97.074,,,,
1293,7/16/2017 5:00,63.604,97.05,,,,
1294,7/16/2017 5:30,62.834,97.891,,,,
1295,7/16/2017 6:00,63.561,98.386,,,,
1296,7/16/2017 6:30,64.459,97.228,,,,
1297,7/16/2017 7:00,65.403,96.013,,,,
1298,7/16/2017 7:30,66.814,93.953,,,,
1299,7/16/2017 8:00,69.085,90.361,,,,
1300,7/16/2017 8:30,72.093,85.547,,,,
1301,7/16/2017 9:00,72.093,84.07,,,,
1302,7/16/2017 9:30,72.437,84.728,,,,
1303,7/16/2017 10:00,72.783,83.876,,,,
1304,7/16/2017 10:30,76.681,78.889,,,,
1305,7/16/2017 11:00,71.92,87.186,,,,
1306,7/16/2017 11:30,73.472,85.36,,,,
1307,7/16/2017 12:00,78.91,75.509,,,,
1308,7/16/2017 12:30,78.996,72.899,,,,
1309,7/16/2017 13:00,85.262,57.35,,,,
1310,7/16/2017 13:30,85.894,54.037,,,,
1311,7/16/2017 14:00,84.452,54.911,,,,
1312,7/16/2017 14:30,81.687,61.542,,,,
1313,7/16/2017 15:00,84.99,56.886,,,,
1314,7/16/2017 15:30,87.346,51.195,,,,
1315,7/16/2017 16:00,87.985,45.803,,,,
1316,7/16/2017 16:30,86.709,45.817,,,,
1317,7/16/2017 17:00,80.58,53.624,,,,
1318,7/16/2017 17:30,85.127,48.869,,,,
1319,7/16/2017 18:00,83.467,53.212,,,,
1320,7/16/2017 18:30,81.554,51.982,,,,
1321,7/16/2017 19:00,79.128,59.429,,,,
1322,7/16/2017 19:30,75.247,67.724,,,,
1323,7/16/2017 20:00,76.854,66.409,,,,
1324,7/16/2017 20:30,73.126,72.16,,,,
1325,7/16/2017 21:00,70.029,79.882,,,,
1326,7/16/2017 21:30,67.928,82.774,,,,
1327,7/16/2017 22:00,66.087,86.485,,,,
1328,7/16/2017 22:30,63.862,90.991,,,,
1329,7/16/2017 23:00,62.233,93.173,,,,
1330,7/16/2017 23:30,62.533,93.976,,,,
1331,7/17/2017 0:00,60.733,94.736,,,,
1332,7/17/2017 0:30,59.873,95.57,,,,
1333,7/17/2017 1:00,59.229,96.301,,,,
1334,7/17/2017 1:30,58.195,96.993,,,,
1335,7/17/2017 2:00,58.368,97.326,,,,
1336,7/17/2017 2:30,58.368,97.963,,,,
1337,7/17/2017 3:00,59.616,98.661,,,,
1338,7/17/2017 3:30,59.83,98.642,,,,
1339,7/17/2017 4:00,59.445,98.507,,,,
1340,7/17/2017 4:30,58.541,98.498,,,,
1341,7/17/2017 5:00,59.315,99.022,,,,
1342,7/17/2017 5:30,59.014,98.823,,,,
1343,7/17/2017 6:00,58.239,98.68,,,,
1344,7/17/2017 6:30,58.455,99.346,,,,
1345,7/17/2017 7:00,59.529,99.409,,,,
1346,7/17/2017 7:30,60.775,98.581,,,,
1347,7/17/2017 8:00,62.533,97.15,,,,
1348,7/17/2017 8:30,63.39,95.824,,,,
1349,7/17/2017 9:00,67.413,88.24,,,,
1350,7/17/2017 9:30,71.017,79.914,,,,
1351,7/17/2017 10:00,74.25,72.455,,,,
1352,7/17/2017 10:30,78.165,64.138,,,,
1353,7/17/2017 11:00,83.646,52.524,,,,
1354,7/17/2017 11:30,82.13,52.154,,,,
1355,7/17/2017 12:00,84.137,48.734,,,,
1356,7/17/2017 12:30,83.914,52.16,,,,
1357,7/17/2017 13:00,80.845,60.632,,,,
1358,7/17/2017 13:30,80.139,57.116,,,,
1359,7/17/2017 14:00,78.777,61.315,,,,
1360,7/17/2017 14:30,83.377,56.691,,,,
1361,7/17/2017 15:00,93.092,42.553,,,,
1362,7/17/2017 15:30,90.612,46.274,,,,
1363,7/17/2017 16:00,93.659,40.24,,,,
1364,7/17/2017 16:30,87.391,47.922,,,,
1365,7/17/2017 17:00,82.53,52.79,,,,
1366,7/17/2017 17:30,86.709,50.373,,,,
1367,7/17/2017 18:00,85.487,49.38,,,,
1368,7/17/2017 18:30,84.857,45.236,,,,
1369,7/17/2017 19:00,80.978,49.476,,,,
1370,7/17/2017 19:30,79.173,52.375,,,,
1371,7/17/2017 20:00,75.29,63.901,,,,
1372,7/17/2017 20:30,70.846,79.553,,,,
1373,7/17/2017 21:00,66.943,87.633,,,,
1374,7/17/2017 21:30,64.288,91.05,,,,
1375,7/17/2017 22:00,62.533,92.451,,,,
1376,7/17/2017 22:30,61.376,93.968,,,,
1377,7/17/2017 23:00,60.69,95.067,,,,
1378,7/17/2017 23:30,60.26,95.316,,,,
1379,7/18/2017 0:00,59.572,95.81,,,,
1380,7/18/2017 0:30,59.185,95.96,,,,
1381,7/18/2017 1:00,59.142,96.75,,,,
1382,7/18/2017 1:30,58.541,96.661,,,,
1383,7/18/2017 2:00,58.066,97.025,,,,
1384,7/18/2017 2:30,58.152,97.319,,,,
1385,7/18/2017 3:00,57.85,98.012,,,,
1386,7/18/2017 3:30,58.109,98.229,,,,
1387,7/18/2017 4:00,59.056,98.372,,,,
1388,7/18/2017 4:30,57.893,98.197,,,,
1389,7/18/2017 5:00,56.988,98.566,,,,
1390,7/18/2017 5:30,56.599,98.86,,,,
1391,7/18/2017 6:00,56.599,98.911,,,,
1392,7/18/2017 6:30,56.642,99.043,,,,
1393,7/18/2017 7:00,59.056,99.261,,,,
1394,7/18/2017 7:30,61.119,99.143,,,,
1395,7/18/2017 8:00,66.472,97.473,,,,
1396,7/18/2017 8:30,69.942,94.343,,,,
1397,7/18/2017 9:00,72.351,86.689,,,,
1398,7/18/2017 9:30,75.551,77.259,,,,
1399,7/18/2017 10:00,79.876,69.084,,,,
1400,7/18/2017 10:30,84.137,61.449,,,,
1401,7/18/2017 11:00,87.255,54.91,,,,
1402,7/18/2017 11:30,90.009,52.006,,,,
1403,7/18/2017 12:00,90.982,47.941,,,,
1404,7/18/2017 12:30,94.991,46.698,,,,
1405,7/18/2017 13:00,90.982,48.171,,,,
1406,7/18/2017 13:30,95.279,42.452,,,,
1407,7/18/2017 14:00,93.186,46.214,,,,
1408,7/18/2017 14:30,90.75,47.007,,,,
1409,7/18/2017 15:00,94.086,44.548,,,,
1410,7/18/2017 15:30,94.181,43.321,,,,
1411,7/18/2017 16:00,92.903,44.34,,,,
1412,7/18/2017 16:30,92.856,44.636,,,,
1413,7/18/2017 17:00,90.657,47.296,,,,
1414,7/18/2017 17:30,89.316,48.871,,,,
1415,7/18/2017 18:00,86.844,52.092,,,,
1416,7/18/2017 18:30,87.528,51.628,,,,
1417,7/18/2017 19:00,85.849,51.149,,,,
1418,7/18/2017 19:30,82.62,57.227,,,,
1419,7/18/2017 20:00,80.89,60.419,,,,
1420,7/18/2017 20:30,77.859,71.683,,,,
1421,7/18/2017 21:00,71.361,85.759,,,,
1422,7/18/2017 21:30,68.356,90.964,,,,
1423,7/18/2017 22:00,66.301,92.82,,,,
1424,7/18/2017 22:30,64.717,94.341,,,,
1425,7/18/2017 23:00,63.689,94.456,,,,
1426,7/18/2017 23:30,61.506,94.639,,,,
1427,7/19/2017 0:00,60.089,95.162,,,,
1428,7/19/2017 0:30,60.174,95.924,,,,
1429,7/19/2017 1:00,59.486,96.75,,,,
1430,7/19/2017 1:30,59.959,97.128,,,,
1431,7/19/2017 2:00,60.433,97.198,,,,
1432,7/19/2017 2:30,60.647,97.641,,,,
1433,7/19/2017 3:00,61.205,98.058,,,,
1434,7/19/2017 3:30,60.433,97.301,,,,
1435,7/19/2017 4:00,60.733,98.089,,,,
1436,7/19/2017 4:30,61.205,98.339,,,,
1437,7/19/2017 5:00,63.689,98.714,,,,
1438,7/19/2017 5:30,64.888,95.755,,,,
1439,7/19/2017 6:00,64.288,96.372,,,,
1440,7/19/2017 6:30,64.117,98.005,,,,
1441,7/19/2017 7:00,66.087,97.182,,,,
1442,7/19/2017 7:30,67.456,96.783,,,,
1443,7/19/2017 8:00,70.543,88.079,,,,
1444,7/19/2017 8:30,73.558,81.973,,,,
1445,7/19/2017 9:00,73.429,80.994,,,,
1446,7/19/2017 9:30,79.655,72.375,,,,
1447,7/19/2017 10:00,83.601,68.033,,,,
1448,7/19/2017 10:30,85.622,65.294,,,,
1449,7/19/2017 11:00,88.167,59.705,,,,
1450,7/19/2017 11:30,92.151,54.041,,,,
1451,7/19/2017 12:00,94.896,50.477,,,,
1452,7/19/2017 12:30,94.753,50.826,,,,
1453,7/19/2017 13:00,89.546,58.781,,,,
1454,7/19/2017 13:30,90.147,57.499,,,,
1455,7/19/2017 14:00,97.209,48.105,,,,
1456,7/19/2017 14:30,96.627,48.066,,,,
1457,7/19/2017 15:00,92.057,56.058,,,,
1458,7/19/2017 15:30,93.234,53.251,,,,
1459,7/19/2017 16:00,90.009,57.456,,,,
1460,7/19/2017 16:30,93.612,51.721,,,,
1461,7/19/2017 17:00,84.9,67.491,,,,
1462,7/19/2017 17:30,90.471,61.633,,,,
1463,7/19/2017 18:00,88.763,61.858,,,,
1464,7/19/2017 18:30,88.396,61.763,,,,
1465,7/19/2017 19:00,87.483,62.556,,,,
1466,7/19/2017 19:30,84.99,67.561,,,,
1467,7/19/2017 20:00,83.109,71.932,,,,
1468,7/19/2017 20:30,81.376,76.192,,,,
1469,7/19/2017 21:00,77.335,84.92,,,,
1470,7/19/2017 21:30,74.467,91.034,,,,
1471,7/19/2017 22:00,72.653,93.063,,,,
1472,7/19/2017 22:30,71.748,94.358,,,,
1473,7/19/2017 23:00,71.19,95.743,,,,
1474,7/19/2017 23:30,73.213,93.706,,,,
1475,7/20/2017 0:00,72.264,94.779,,,,
1476,7/20/2017 0:30,71.704,96.136,,,,
1477,7/20/2017 1:00,71.92,95.636,,,,
1478,7/20/2017 1:30,71.748,96.46,,,,
1479,7/20/2017 2:00,73.472,93.662,,,,
1480,7/20/2017 2:30,73.213,92.439,,,,
1481,7/20/2017 3:00,72.696,92.367,,,,
1482,7/20/2017 3:30,71.62,93.778,,,,
1483,7/20/2017 4:00,71.06,94.874,,,,
1484,7/20/2017 4:30,71.577,93.772,,,,
1485,7/20/2017 5:00,70.543,94.535,,,,
1486,7/20/2017 5:30,71.404,88.109,,,,
1487,7/20/2017 6:00,70.63,88.637,,,,
1488,7/20/2017 6:30,69.858,90.438,,,,
1489,7/20/2017 7:00,69.942,89.989,,,,
1490,7/20/2017 7:30,69.685,90.388,,,,
1491,7/20/2017 8:00,69.901,90.444,,,,
1492,7/20/2017 8:30,70.201,90.647,,,,
1493,7/20/2017 9:00,70.716,89.576,,,,
1494,7/20/2017 9:30,70.543,90.558,,,,
1495,7/20/2017 10:00,70.286,91.928,,,,
1496,7/20/2017 10:30,73.904,86.667,,,,
1497,7/20/2017 11:00,77.335,76.299,,,,
1498,7/20/2017 11:30,81.952,70.164,,,,
1499,7/20/2017 12:00,88.626,57.437,,,,
1500,7/20/2017 12:30,89.593,54.742,,,,
1501,7/20/2017 13:00,81.642,68.325,,,,
1502,7/20/2017 13:30,89.546,60.893,,,,
1503,7/20/2017 14:00,91.542,55.408,,,,
1504,7/20/2017 14:30,88.259,58.23,,,,
1505,7/20/2017 15:00,88.763,55.412,,,,
1506,7/20/2017 15:30,89.407,54.343,,,,
1507,7/20/2017 16:00,91.216,53.033,,,,
1508,7/20/2017 16:30,90.055,55.994,,,,
1509,7/20/2017 17:00,90.565,55.651,,,,
1510,7/20/2017 17:30,88.488,59.984,,,,
1511,7/20/2017 18:00,87.346,59.54,,,,
1512,7/20/2017 18:30,87.757,60.643,,,,
1513,7/20/2017 19:00,86.891,61.755,,,,
1514,7/20/2017 19:30,83.199,68.872,,,,
1515,7/20/2017 20:00,81.775,70.236,,,,
1516,7/20/2017 20:30,79.7,75.977,,,,
1517,7/20/2017 21:00,76.419,82.858,,,,
1518,7/20/2017 21:30,72.653,90.081,,,,
1519,7/20/2017 22:00,72.869,91.904,,,,
1520,7/20/2017 22:30,72.826,92.088,,,,
1521,7/20/2017 23:00,72.523,91.478,,,,
1522,7/20/2017 23:30,69.901,93.083,,,,
1523,7/21/2017 0:00,68.056,96.084,,,,
1524,7/21/2017 0:30,68.828,96.564,,,,
1525,7/21/2017 1:00,66.472,95.906,,,,
1526,7/21/2017 1:30,65.188,97.18,,,,
1527,7/21/2017 2:00,64.375,97.06,,,,
1528,7/21/2017 2:30,63.732,97.638,,,,
1529,7/21/2017 3:00,62.834,97.813,,,,
1530,7/21/2017 3:30,62.791,98.193,,,,
1531,7/21/2017 4:00,61.804,98.173,,,,
1532,7/21/2017 4:30,61.075,98.882,,,,
1533,7/21/2017 5:00,60.69,98.262,,,,
1534,7/21/2017 5:30,60.217,98.395,,,,
1535,7/21/2017 6:00,60.046,98.675,,,,
1536,7/21/2017 6:30,60.604,98.657,,,,
1537,7/21/2017 7:00,62.704,98.822,,,,
1538,7/21/2017 7:30,66.214,98.033,,,,
1539,7/21/2017 8:00,68.871,96.465,,,,
1540,7/21/2017 8:30,70.63,95.212,,,,
1541,7/21/2017 9:00,73.04,92.469,,,,
1542,7/21/2017 9:30,76.942,84.364,,,,
1543,7/21/2017 10:00,81.023,76.563,,,,
1544,7/21/2017 10:30,83.914,70.092,,,,
1545,7/21/2017 11:00,88.075,60.451,,,,
1546,7/21/2017 11:30,89.87,57.952,,,,
1547,7/21/2017 12:00,93.564,47.362,,,,
1548,7/21/2017 12:30,93.754,47.375,,,,
1549,7/21/2017 13:00,95.328,46.588,,,,
1550,7/21/2017 13:30,90.797,53.55,,,,
1551,7/21/2017 14:00,96.53,45.571,,,,
1552,7/21/2017 14:30,97.648,40.675,,,,
1553,7/21/2017 15:00,95.279,44.258,,,,
1554,7/21/2017 15:30,96.24,42.981,,,,
1555,7/21/2017 16:00,95.711,44.352,,,,
1556,7/21/2017 16:30,90.286,49.95,,,,
1557,7/21/2017 17:00,88.214,54.57,,,,
1558,7/21/2017 17:30,88.671,53.484,,,,
1559,7/21/2017 18:00,88.671,54.67,,,,
1560,7/21/2017 18:30,85.577,58.196,,,,
1561,7/21/2017 19:00,83.467,65.092,,,,
1562,7/21/2017 19:30,81.73,68.394,,,,
1563,7/21/2017 20:00,80.316,69.998,,,,
1564,7/21/2017 20:30,79.216,76.158,,,,
1565,7/21/2017 21:00,77.247,80.964,,,,
1566,7/21/2017 21:30,75.508,86.789,,,,
1567,7/21/2017 22:00,74.77,89.871,,,,
1568,7/21/2017 22:30,74.295,91.692,,,,
1569,7/21/2017 23:00,73.861,94.415,,,,
1570,7/21/2017 23:30,73.342,95.946,,,,
1571,7/22/2017 0:00,73.126,96.66,,,,
1572,7/22/2017 0:30,72.869,97.443,,,,
1573,7/22/2017 1:00,72.437,96.613,,,,
1574,7/22/2017 1:30,72.007,97.607,,,,
1575,7/22/2017 2:00,70.846,95.535,,,,
1576,7/22/2017 2:30,68.742,95.339,,,,
1577,7/22/2017 3:00,68.742,93.721,,,,
1578,7/22/2017 3:30,68.356,95.732,,,,
1579,7/22/2017 4:00,67.928,96.747,,,,
1580,7/22/2017 4:30,67.971,97.877,,,,
1581,7/22/2017 5:00,69.042,98.636,,,,
1582,7/22/2017 5:30,69.3,98.335,,,,
1583,7/22/2017 6:00,69.213,98.714,,,,
1584,7/22/2017 6:30,69.6,98.823,,,,
1585,7/22/2017 7:00,69.643,99.35,,,,
1586,7/22/2017 7:30,70.029,99.564,,,,
1587,7/22/2017 8:00,70.803,99.446,,,,
1588,7/22/2017 8:30,72.48,98.781,,,,
1589,7/22/2017 9:00,74.034,97.534,,,,
1590,7/22/2017 9:30,76.681,94.164,,,,
1591,7/22/2017 10:00,77.902,89.071,,,,
1592,7/22/2017 10:30,78.822,86.344,,,,
1593,7/22/2017 11:00,81.775,81.155,,,,
1594,7/22/2017 11:30,80.713,79.586,,,,
1595,7/22/2017 12:00,84.094,75.813,,,,
1596,7/22/2017 12:30,83.242,72.065,,,,
1597,7/22/2017 13:00,83.824,69.871,,,,
1598,7/22/2017 13:30,82.441,70.214,,,,
1599,7/22/2017 14:00,78.777,73.555,,,,
1600,7/22/2017 14:30,78.382,76.386,,,,
1601,7/22/2017 15:00,84.497,66.842,,,,
1602,7/22/2017 15:30,85.622,59.895,,,,
1603,7/22/2017 16:00,83.959,64.77,,,,
1604,7/22/2017 16:30,84.137,63.956,,,,
1605,7/22/2017 17:00,80.139,72.189,,,,
1606,7/22/2017 17:30,81.466,71.074,,,,
1607,7/22/2017 18:00,78.865,76.06,,,,
1608,7/22/2017 18:30,76.854,79.657,,,,
1609,7/22/2017 19:00,78.251,78.695,,,,
1610,7/22/2017 19:30,77.727,79.183,,,,
1611,7/22/2017 20:00,76.375,80.661,,,,
1612,7/22/2017 20:30,74.727,83.78,,,,
1613,7/22/2017 21:00,73.342,86.955,,,,
1614,7/22/2017 21:30,71.748,90.477,,,,
1615,7/22/2017 22:00,70.846,92.059,,,,
1616,7/22/2017 22:30,71.447,92.034,,,,
1617,7/22/2017 23:00,70.543,93.146,,,,
1618,7/22/2017 23:30,69.771,94.797,,,,
1619,7/23/2017 0:00,69.085,96.338,,,,
1620,7/23/2017 0:30,68.4,96.79,,,,
1621,7/23/2017 1:00,67.285,97.828,,,,
1622,7/23/2017 1:30,68.527,98.403,,,,
1623,7/23/2017 2:00,68.4,98.54,,,,
1624,7/23/2017 2:30,68.4,98.904,,,,
1625,7/23/2017 3:00,68.484,99.228,,,,
1626,7/23/2017 3:30,68.443,99.144,,,,
1627,7/23/2017 4:00,68.527,99.209,,,,
1628,7/23/2017 4:30,68.4,99.474,,,,
1629,7/23/2017 5:00,68.698,99.468,,,,
1630,7/23/2017 5:30,68.871,99.338,,,,
1631,7/23/2017 6:00,68.999,99.305,,,,
1632,7/23/2017 6:30,69.085,99.214,,,,
1633,7/23/2017 7:00,69.471,98.752,,,,
1634,7/23/2017 7:30,69.427,98.485,,,,
1635,7/23/2017 8:00,71.404,96.304,,,,
1636,7/23/2017 8:30,71.49,93.304,,,,
1637,7/23/2017 9:00,72.61,91.842,,,,
1638,7/23/2017 9:30,71.577,92.483,,,,
1639,7/23/2017 10:00,75.942,84.999,,,,
1640,7/23/2017 10:30,77.684,82.329,,,,
1641,7/23/2017 11:00,81.376,76.074,,,,
1642,7/23/2017 11:30,87.21,64.671,,,,
1643,7/23/2017 12:00,88.306,61.693,,,,
1644,7/23/2017 12:30,86.981,62.262,,,,
1645,7/23/2017 13:00,86.754,61.93,,,,
1646,7/23/2017 13:30,88.993,59.586,,,,
1647,7/23/2017 14:00,86.617,62.136,,,,
1648,7/23/2017 14:30,89.87,55.436,,,,
1649,7/23/2017 15:00,90.379,51.094,,,,
1650,7/23/2017 15:30,90.75,49.364,,,,
1651,7/23/2017 16:00,88.075,56.058,,,,
1652,7/23/2017 16:30,84.407,57.311,,,,
1653,7/23/2017 17:00,87.21,54.555,,,,
1654,7/23/2017 17:30,84.407,51.749,,,,
1655,7/23/2017 18:00,84.004,52.455,,,,
1656,7/23/2017 18:30,82.441,61.175,,,,
1657,7/23/2017 19:00,79.347,65.922,,,,
1658,7/23/2017 19:30,78.339,67.638,,,,
1659,7/23/2017 20:00,77.029,70.588,,,,
1660,7/23/2017 20:30,74.856,76.979,,,,
1661,7/23/2017 21:00,74.338,76.371,,,,
1662,7/23/2017 21:30,73.688,78.056,,,,
1663,7/23/2017 22:00,72.221,79.772,,,,
1664,7/23/2017 22:30,70.974,82.756,,,,
1665,7/23/2017 23:00,68.999,88.803,,,,
1666,7/23/2017 23:30,68.142,93.077,,,,
1667,7/24/2017 0:00,67.372,94.429,,,,
1668,7/24/2017 0:30,67.028,91.587,,,,
1669,7/24/2017 1:00,66.258,90.678,,,,
1670,7/24/2017 1:30,65.273,92.517,,,,
1671,7/24/2017 2:00,63.689,95.189,,,,
1672,7/24/2017 2:30,64.288,94.909,,,,
1673,7/24/2017 3:00,63.518,95.53,,,,
1674,7/24/2017 3:30,63.39,95.642,,,,
1675,7/24/2017 4:00,63.133,95.63,,,,
1676,7/24/2017 4:30,62.834,96.159,,,,
1677,7/24/2017 5:00,62.748,96.094,,,,
1678,7/24/2017 5:30,62.447,96.102,,,,
1679,7/24/2017 6:00,61.891,96.28,,,,
1680,7/24/2017 6:30,61.419,96.727,,,,
1681,7/24/2017 7:00,61.376,96.824,,,,
1682,7/24/2017 7:30,62.406,95.316,,,,
1683,7/24/2017 8:00,64.117,91.745,,,,
1684,7/24/2017 8:30,64.033,89.999,,,,
1685,7/24/2017 9:00,65.059,86.788,,,,
1686,7/24/2017 9:30,65.615,82.433,,,,
1687,7/24/2017 10:00,66.301,75.271,,,,
1688,7/24/2017 10:30,68.742,72.917,,,,
1689,7/24/2017 11:00,69.985,69.629,,,,
1690,7/24/2017 11:30,74.424,61.783,,,,
1691,7/24/2017 12:00,75.594,57.361,,,,
1692,7/24/2017 12:30,75.551,59.522,,,,
1693,7/24/2017 13:00,76.854,56.314,,,,
1694,7/24/2017 13:30,79.128,50.143,,,,
1695,7/24/2017 14:00,79.128,51.8,,,,
1696,7/24/2017 14:30,76.375,53.99,,,,
1697,7/24/2017 15:00,78.69,53.919,,,,
1698,7/24/2017 15:30,81.376,46.243,,,,
1699,7/24/2017 16:00,79.173,49.506,,,,
1700,7/24/2017 16:30,82.085,44.924,,,,
1701,7/24/2017 17:00,81.819,45.558,,,,
1702,7/24/2017 17:30,76.593,51.26,,,,
1703,7/24/2017 18:00,80.272,48.622,,,,
1704,7/24/2017 18:30,76.507,52.866,,,,
1705,7/24/2017 19:00,77.292,52.737,,,,
1706,7/24/2017 19:30,74.856,55.527,,,,
1707,7/24/2017 20:00,73.126,62.396,,,,
1708,7/24/2017 20:30,69.728,74.933,,,,
1709,7/24/2017 21:00,65.23,82.857,,,,
1710,7/24/2017 21:30,62.191,87.765,,,,
1711,7/24/2017 22:00,60.346,91.037,,,,
1712,7/24/2017 22:30,59.401,91.749,,,,
1713,7/24/2017 23:00,58.368,92.809,,,,
1714,7/24/2017 23:30,57.85,93.698,,,,
1715,7/25/2017 0:00,56.815,94.299,,,,
1716,7/25/2017 0:30,56.34,94.951,,,,
1717,7/25/2017 1:00,57.506,95.995,,,,
1718,7/25/2017 1:30,55.949,95.407,,,,
1719,7/25/2017 2:00,55.429,95.331,,,,
1720,7/25/2017 2:30,55.125,95.95,,,,
1721,7/25/2017 3:00,55.081,96.326,,,,
1722,7/25/2017 3:30,54.169,96.317,,,,
1723,7/25/2017 4:00,53.865,96.17,,,,
1724,7/25/2017 4:30,52.729,96.103,,,,
1725,7/25/2017 5:00,52.641,96.949,,,,
1726,7/25/2017 5:30,52.115,97.071,,,,
1727,7/25/2017 6:00,51.678,96.854,,,,
1728,7/25/2017 6:30,51.764,97.22,,,,
1729,7/25/2017 7:00,53.209,97.639,,,,
1730,7/25/2017 7:30,56.295,97.625,,,,
1731,7/25/2017 8:00,59.358,96.654,,,,
1732,7/25/2017 8:30,64.717,90.762,,,,
1733,7/25/2017 9:00,67.627,82.486,,,,
1734,7/25/2017 9:30,71.317,65.215,,,,
1735,7/25/2017 10:00,74.813,54.336,,,,
1736,7/25/2017 10:30,77.99,51.524,,,,
1737,7/25/2017 11:00,80.58,47.742,,,,
1738,7/25/2017 11:30,82.841,41.989,,,,
1739,7/25/2017 12:00,85.939,37.785,,,,
1740,7/25/2017 12:30,87.573,33.994,,,,
1741,7/25/2017 13:00,88.443,35.462,,,,
1742,7/25/2017 13:30,89.823,32.812,,,,
1743,7/25/2017 14:00,90.471,30.924,,,,
1744,7/25/2017 14:30,90.1,31.216,,,,
1745,7/25/2017 15:00,90.518,29.583,,,,
1746,7/25/2017 15:30,91.216,29.718,,,,
1747,7/25/2017 16:00,84.99,36.223,,,,
1748,7/25/2017 16:30,84.317,37.929,,,,
1749,7/25/2017 17:00,86.437,33.665,,,,
1750,7/25/2017 17:30,85.127,36.667,,,,
1751,7/25/2017 18:00,82.396,40.873,,,,
1752,7/25/2017 18:30,81.154,42.64,,,,
1753,7/25/2017 19:00,80.227,42.91,,,,
1754,7/25/2017 19:30,78.165,44.926,,,,
1755,7/25/2017 20:00,74.163,54.691,,,,
1756,7/25/2017 20:30,68.913,68.164,,,,
1757,7/25/2017 21:00,65.959,77.85,,,,
1758,7/25/2017 21:30,63.09,80.625,,,,
1759,7/25/2017 22:00,61.205,87.796,,,,
1760,7/25/2017 22:30,59.659,88.313,,,,
1761,7/25/2017 23:00,59.916,89.733,,,,
1762,7/25/2017 23:30,59.702,91.159,,,,
1763,7/26/2017 0:00,59.659,91.206,,,,
1764,7/26/2017 0:30,59.099,93.173,,,,
1765,7/26/2017 1:00,59.358,93.001,,,,
1766,7/26/2017 1:30,59.272,93.823,,,,
1767,7/26/2017 2:00,58.712,93.951,,,,
1768,7/26/2017 2:30,59.358,94.459,,,,
1769,7/26/2017 3:00,59.229,95.114,,,,
1770,7/26/2017 3:30,60.904,93.796,,,,
1771,7/26/2017 4:00,61.934,91.416,,,,
1772,7/26/2017 4:30,62.748,89.183,,,,
1773,7/26/2017 5:00,61.29,91.75,,,,
1774,7/26/2017 5:30,58.928,93.722,,,,
1775,7/26/2017 6:00,58.971,96.005,,,,
1776,7/26/2017 6:30,59.745,95.706,,,,
1777,7/26/2017 7:00,59.745,96.325,,,,
1778,7/26/2017 7:30,62.362,94.423,,,,
1779,7/26/2017 8:00,65.53,87.611,,,,
1780,7/26/2017 8:30,66.814,84.216,,,,
1781,7/26/2017 9:00,68.828,81.233,,,,
1782,7/26/2017 9:30,70.846,77.215,,,,
1783,7/26/2017 10:00,72.869,73.244,,,,
1784,7/26/2017 10:30,74.295,71.075,,,,
1785,7/26/2017 11:00,77.292,65.332,,,,
1786,7/26/2017 11:30,82.665,55.308,,,,
1787,7/26/2017 12:00,82.396,53.416,,,,
1788,7/26/2017 12:30,82.753,56.041,,,,
1789,7/26/2017 13:00,85.712,51.782,,,,
1790,7/26/2017 13:30,84.857,53.287,,,,
1791,7/26/2017 14:00,84.272,53.497,,,,
1792,7/26/2017 14:30,84.857,51.269,,,,
1793,7/26/2017 15:00,86.844,51.867,,,,
1794,7/26/2017 15:30,92.527,43.118,,,,
1795,7/26/2017 16:00,88.763,45.164,,,,
1796,7/26/2017 16:30,84.227,51.511,,,,
1797,7/26/2017 17:00,85.622,51.647,,,,
1798,7/26/2017 17:30,88.579,48.885,,,,
1799,7/26/2017 18:00,84.362,54.3,,,,
1800,7/26/2017 18:30,82.931,57.974,,,,
1801,7/26/2017 19:00,80.802,60.504,,,,
1802,7/26/2017 19:30,78.865,66.966,,,,
1803,7/26/2017 20:00,77.072,71.69,,,,
1804,7/26/2017 20:30,75.247,76.357,,,,
1805,7/26/2017 21:00,72.869,83.915,,,,
1806,7/26/2017 21:30,70.502,88.811,,,,
1807,7/26/2017 22:00,69.685,90.063,,,,
1808,7/26/2017 22:30,69.386,89.426,,,,
1809,7/26/2017 23:00,70.459,87.436,,,,
1810,7/26/2017 23:30,70.115,87.282,,,,
1811,7/27/2017 0:00,68.614,90.081,,,,
1812,7/27/2017 0:30,68.657,90.978,,,,
1813,7/27/2017 1:00,68.484,90.873,,,,
1814,7/27/2017 1:30,68.142,91.096,,,,
1815,7/27/2017 2:00,66.772,93.205,,,,
1816,7/27/2017 2:30,64.459,93.936,,,,
1817,7/27/2017 3:00,63.09,94.841,,,,
1818,7/27/2017 3:30,64.033,96.23,,,,
1819,7/27/2017 4:00,63.689,96.232,,,,
1820,7/27/2017 4:30,62.447,95.531,,,,
1821,7/27/2017 5:00,62.406,96.821,,,,
1822,7/27/2017 5:30,63.304,96.954,,,,
1823,7/27/2017 6:00,63.475,97.341,,,,
1824,7/27/2017 6:30,64.375,97.526,,,,
1825,7/27/2017 7:00,64.459,97.098,,,,
1826,7/27/2017 7:30,66.686,96.67,,,,
1827,7/27/2017 8:00,70.286,92.627,,,,
1828,7/27/2017 8:30,75.898,81.232,,,,
1829,7/27/2017 9:00,78.996,74.079,,,,
1830,7/27/2017 9:30,78.69,75.251,,,,
1831,7/27/2017 10:00,80.096,73.725,,,,
1832,7/27/2017 10:30,82.976,66.756,,,,
1833,7/27/2017 11:00,84.004,67.89,,,,
1834,7/27/2017 11:30,90.009,55.383,,,,
1835,7/27/2017 12:00,87.62,58.051,,,,
1836,7/27/2017 12:30,91.917,51.466,,,,
1837,7/27/2017 13:00,89.269,55.867,,,,
1838,7/27/2017 13:30,89.638,55.161,,,,
1839,7/27/2017 14:00,90.379,54.803,,,,
1840,7/27/2017 14:30,87.255,60.85,,,,
1841,7/27/2017 15:00,92.291,53.922,,,,
1842,7/27/2017 15:30,85.262,62.077,,,,
1843,7/27/2017 16:00,88.396,57.799,,,,
1844,7/27/2017 16:30,88.488,57.489,,,,
1845,7/27/2017 17:00,87.346,59.131,,,,
1846,7/27/2017 17:30,85.532,60.7,,,,
1847,7/27/2017 18:00,84.9,59.645,,,,
1848,7/27/2017 18:30,82.218,65.067,,,,
1849,7/27/2017 19:00,83.601,61.712,,,,
1850,7/27/2017 19:30,80.227,66.31,,,,
1851,7/27/2017 20:00,78.777,66.836,,,,
1852,7/27/2017 20:30,76.419,70.941,,,,
1853,7/27/2017 21:00,73.429,72.426,,,,
1854,7/27/2017 21:30,71.404,73.465,,,,
1855,7/27/2017 22:00,68.527,79.846,,,,
1856,7/27/2017 22:30,67.714,81.435,,,,
1857,7/27/2017 23:00,65.701,86.627,,,,
1858,7/27/2017 23:30,65.487,86.762,,,,
1859,7/28/2017 0:00,66.429,83.338,,,,
1860,7/28/2017 0:30,66.087,83.517,,,,
1861,7/28/2017 1:00,65.788,84.087,,,,
1862,7/28/2017 1:30,65.872,84.896,,,,
1863,7/28/2017 2:00,64.418,88.438,,,,
1864,7/28/2017 2:30,63.903,89.687,,,,
1865,7/28/2017 3:00,63.433,90.559,,,,
1866,7/28/2017 3:30,63.005,91.06,,,,
1867,7/28/2017 4:00,62.233,92.145,,,,
1868,7/28/2017 4:30,61.633,93.272,,,,
1869,7/28/2017 5:00,61.248,93.688,,,,
1870,7/28/2017 5:30,61.075,94.134,,,,
1871,7/28/2017 6:00,61.29,93.38,,,,
1872,7/28/2017 6:30,61.032,93.475,,,,
1873,7/28/2017 7:00,61.248,93.348,,,,
1874,7/28/2017 7:30,62.533,91.446,,,,
1875,7/28/2017 8:00,63.819,88.79,,,,
1876,7/28/2017 8:30,65.145,86.745,,,,
1877,7/28/2017 9:00,68.527,81.225,,,,
1878,7/28/2017 9:30,72.523,73.149,,,,
1879,7/28/2017 10:00,74.727,67.224,,,,
1880,7/28/2017 10:30,77.815,59.13,,,,
1881,7/28/2017 11:00,79.347,54.917,,,,
1882,7/28/2017 11:30,81.199,48.172,,,,
1883,7/28/2017 12:00,83.377,44.256,,,,
1884,7/28/2017 12:30,84.362,42.643,,,,
1885,7/28/2017 13:00,84.407,41.623,,,,
1886,7/28/2017 13:30,85.172,39.977,,,,
1887,7/28/2017 14:00,86.164,36.354,,,,
1888,7/28/2017 14:30,84.9,37.426,,,,
1889,7/28/2017 15:00,85.984,36.478,,,,
1890,7/28/2017 15:30,86.799,35.106,,,,
1891,7/28/2017 16:00,86.617,36.546,,,,
1892,7/28/2017 16:30,85.172,37.976,,,,
1893,7/28/2017 17:00,83.691,37.894,,,,
1894,7/28/2017 17:30,80.404,43.966,,,,
1895,7/28/2017 18:00,77.247,43.958,,,,
1896,7/28/2017 18:30,78.165,39.633,,,,
1897,7/28/2017 19:00,76.55,42.157,,,,
1898,7/28/2017 19:30,74.856,46.189,,,,
1899,7/28/2017 20:00,72.394,45.092,,,,
1900,7/28/2017 20:30,70.115,50.555,,,,
1901,7/28/2017 21:00,67.714,56.764,,,,
1902,7/28/2017 21:30,66.173,61.762,,,,
1903,7/28/2017 22:00,65.188,62.542,,,,
1904,7/28/2017 22:30,63.732,52.16,,,,
1905,7/28/2017 23:00,60.948,54.613,,,,
1906,7/28/2017 23:30,59.486,56.923,,,,
1907,7/29/2017 0:00,58.152,62.424,,,,
1908,7/29/2017 0:30,56.383,69.3,,,,
1909,7/29/2017 1:00,55.69,73.015,,,,
1910,7/29/2017 1:30,54.952,78.57,,,,
1911,7/29/2017 2:00,53.82,82.502,,,,
1912,7/29/2017 2:30,53.427,84.257,,,,
1913,7/29/2017 3:00,52.641,87.189,,,,
1914,7/29/2017 3:30,52.903,87.778,,,,
1915,7/29/2017 4:00,52.378,89.413,,,,
1916,7/29/2017 4:30,52.16,90.815,,,,
1917,7/29/2017 5:00,51.237,91.282,,,,
1918,7/29/2017 5:30,52.423,91.034,,,,
1919,7/29/2017 6:00,52.554,91.363,,,,
1920,7/29/2017 6:30,53.078,91.437,,,,
1921,7/29/2017 7:00,54.212,89.77,,,,
1922,7/29/2017 7:30,56.165,86.326,,,,
1923,7/29/2017 8:00,59.788,79.145,,,,
1924,7/29/2017 8:30,62.661,72.636,,,,
1925,7/29/2017 9:00,66.301,65.003,,,,
1926,7/29/2017 9:30,69.858,60.825,,,,
1927,7/29/2017 10:00,71.317,58.91,,,,
1928,7/29/2017 10:30,76.114,52.047,,,,
1929,7/29/2017 11:00,78.165,47.252,,,,
1930,7/29/2017 11:30,81.023,40.593,,,,
1931,7/29/2017 12:00,84.632,38.28,,,,
1932,7/29/2017 12:30,86.211,35.682,,,,
1933,7/29/2017 13:00,87.346,36.383,,,,
1934,7/29/2017 13:30,80.096,39.911,,,,
1935,7/29/2017 14:00,82.441,38.855,,,,
1936,7/29/2017 14:30,88.81,33.478,,,,
1937,7/29/2017 15:00,91.123,29.713,,,,
1938,7/29/2017 15:30,90.844,30.872,,,,
1939,7/29/2017 16:00,87.21,32.446,,,,
1940,7/29/2017 16:30,84.049,37.78,,,,
1941,7/29/2017 17:00,83.511,37.249,,,,
1942,7/29/2017 17:30,86.119,33.988,,,,
1943,7/29/2017 18:00,80.845,40.384,,,,
1944,7/29/2017 18:30,79.743,41.7,,,,
1945,7/29/2017 19:00,80.978,40.524,,,,
1946,7/29/2017 19:30,79.261,42.522,,,,
1947,7/29/2017 20:00,77.16,47.118,,,,
1948,7/29/2017 20:30,73.126,57.773,,,,
1949,7/29/2017 21:00,67.372,73.088,,,,
1950,7/29/2017 21:30,63.862,82.411,,,,
1951,7/29/2017 22:00,62.105,86.864,,,,
1952,7/29/2017 22:30,61.075,88.557,,,,
1953,7/29/2017 23:00,60.39,90.09,,,,
1954,7/29/2017 23:30,60.089,89.996,,,,
1955,7/30/2017 0:00,59.315,90.419,,,,
1956,7/30/2017 0:30,58.755,91.817,,,,
1957,7/30/2017 1:00,58.195,92.706,,,,
1958,7/30/2017 1:30,57.506,92.999,,,,
1959,7/30/2017 2:00,56.988,92.951,,,,
1960,7/30/2017 2:30,56.208,92.502,,,,
1961,7/30/2017 3:00,55.602,93.142,,,,
1962,7/30/2017 3:30,55.168,93.184,,,,
1963,7/30/2017 4:00,54.734,93.715,,,,
1964,7/30/2017 4:30,55.081,97.367,,,,
1965,7/30/2017 5:00,57.85,94.759,,,,
1966,7/30/2017 5:30,55.299,94.234,,,,
1967,7/30/2017 6:00,54.561,95.51,,,,
1968,7/30/2017 6:30,53.865,94.257,,,,
1969,7/30/2017 7:00,54.561,94.999,,,,
1970,7/30/2017 7:30,57.42,95.52,,,,
1971,7/30/2017 8:00,62.577,93.799,,,,
1972,7/30/2017 8:30,66.429,88.137,,,,
1973,7/30/2017 9:00,70.974,71.669,,,,
1974,7/30/2017 9:30,75.898,59.213,,,,
1975,7/30/2017 10:00,79.876,49.845,,,,
1976,7/30/2017 10:30,82.886,44.682,,,,
1977,7/30/2017 11:00,84.9,37.961,,,,
1978,7/30/2017 11:30,87.894,36.649,,,,
1979,7/30/2017 12:00,89.269,31.211,,,,
1980,7/30/2017 12:30,90.333,32.358,,,,
1981,7/30/2017 13:00,91.495,31.04,,,,
1982,7/30/2017 13:30,90.333,30.573,,,,
1983,7/30/2017 14:00,91.029,28.846,,,,
1984,7/30/2017 14:30,92.151,29.552,,,,
1985,7/30/2017 15:00,93.897,28.832,,,,
1986,7/30/2017 15:30,92.62,29.711,,,,
1987,7/30/2017 16:00,92.667,30.059,,,,
1988,7/30/2017 16:30,91.216,32.469,,,,
1989,7/30/2017 17:00,88.396,32.878,,,,
1990,7/30/2017 17:30,87.939,32.345,,,,
1991,7/30/2017 18:00,87.894,34.282,,,,
1992,7/30/2017 18:30,84.137,42.596,,,,
1993,7/30/2017 19:00,80.449,45.402,,,,
1994,7/30/2017 19:30,78.953,48.304,,,,
1995,7/30/2017 20:00,77.727,49.306,,,,
1996,7/30/2017 20:30,75.942,53.641,,,,
1997,7/30/2017 21:00,71.103,65.764,,,,
1998,7/30/2017 21:30,68.056,71.099,,,,
1999,7/30/2017 22:00,65.444,81.328,,,,
2000,7/30/2017 22:30,63.604,84.8,,,,
2001,7/30/2017 23:00,61.804,87.067,,,,
2002,7/30/2017 23:30,61.075,88.262,,,,
2003,7/31/2017 0:00,60.089,89.411,,,,
2004,7/31/2017 0:30,59.229,89.56,,,,
2005,7/31/2017 1:00,58.411,91.243,,,,
2006,7/31/2017 1:30,57.722,90.78,,,,
2007,7/31/2017 2:00,57.204,91.913,,,,
2008,7/31/2017 2:30,56.599,92.558,,,,
2009,7/31/2017 3:00,56.035,92.218,,,,
2010,7/31/2017 3:30,55.472,92.658,,,,
2011,7/31/2017 4:00,55.69,93.723,,,,
2012,7/31/2017 4:30,56.165,93.844,,,,
2013,7/31/2017 5:00,55.733,93.678,,,,
2014,7/31/2017 5:30,54.909,93.508,,,,
2015,7/31/2017 6:00,54.734,94.152,,,,
2016,7/31/2017 6:30,53.908,93.904,,,,
2017,7/31/2017 7:00,54.516,94.583,,,,
2018,7/31/2017 7:30,57.592,94.799,,,,
2019,7/31/2017 8:00,62.49,93.708,,,,
2020,7/31/2017 8:30,66.943,88.829,,,,
2021,7/31/2017 9:00,71.06,74.994,,,,
2022,7/31/2017 9:30,74.295,61.68,,,,
2023,7/31/2017 10:00,78.076,52.165,,,,
2024,7/31/2017 10:30,80.537,44.757,,,,
2025,7/31/2017 11:00,83.824,39.766,,,,
2026,7/31/2017 11:30,86.256,37.501,,,,
2027,7/31/2017 12:00,87.71,37.581,,,,
2028,7/31/2017 12:30,88.488,37.826,,,,
2029,7/31/2017 13:00,91.308,36.698,,,,
2030,7/31/2017 13:30,88.718,37.502,,,,
2031,7/31/2017 14:00,86.164,42.292,,,,
2032,7/31/2017 14:30,92.527,34.039,,,,
2033,7/31/2017 15:00,92.527,31.673,,,,
2034,7/31/2017 15:30,93.281,33.735,,,,
2035,7/31/2017 16:00,91.123,35.67,,,,
2036,7/31/2017 16:30,91.963,34.796,,,,
2037,7/31/2017 17:00,84.9,41.024,,,,
2038,7/31/2017 17:30,87.073,39.555,,,,
2039,7/31/2017 18:00,86.211,41.102,,,,
2040,7/31/2017 18:30,83.601,44.467,,,,
2041,7/31/2017 19:00,82.886,46.507,,,,
2042,7/31/2017 19:30,79.876,49.3,,,,
2043,7/31/2017 20:00,78.121,51.978,,,,
2044,7/31/2017 20:30,75.853,56.014,,,,
2045,7/31/2017 21:00,71.49,66.1,,,,
2046,7/31/2017 21:30,67.456,78.844,,,,
2047,7/31/2017 22:00,66.214,82.812,,,,
2048,7/31/2017 22:30,63.946,86.399,,,,
2049,7/31/2017 23:00,62.704,87.726,,,,
2050,7/31/2017 23:30,61.376,89.612,,,,
2051,8/1/2017 0:00,60.604,89.747,,,,
2052,8/1/2017 0:30,59.358,90.531,,,,
2053,8/1/2017 1:00,58.842,91.671,,,,
2054,8/1/2017 1:30,58.541,92.101,,,,
2055,8/1/2017 2:00,57.807,91.893,,,,
2056,8/1/2017 2:30,57.636,94.547,,,,
2057,8/1/2017 3:00,57.16,93.157,,,,
2058,8/1/2017 3:30,56.512,93.402,,,,
2059,8/1/2017 4:00,56.165,93.585,,,,
2060,8/1/2017 4:30,56.035,93.98,,,,
2061,8/1/2017 5:00,55.776,94.432,,,,
2062,8/1/2017 5:30,55.429,94.098,,,,
2063,8/1/2017 6:00,55.558,94.58,,,,
2064,8/1/2017 6:30,55.558,94.786,,,,
2065,8/1/2017 7:00,57.506,95.276,,,,
2066,8/1/2017 7:30,59.616,94.808,,,,
2067,8/1/2017 8:00,63.732,93.042,,,,
2068,8/1/2017 8:30,67.543,89.017,,,,
2069,8/1/2017 9:00,71.834,77.442,,,,
2070,8/1/2017 9:30,75.853,67.214,,,,
2071,8/1/2017 10:00,79.261,58.695,,,,
2072,8/1/2017 10:30,82.931,50.452,,,,
2073,8/1/2017 11:00,86.029,44.953,,,,
2074,8/1/2017 11:30,88.534,41.375,,,,
2075,8/1/2017 12:00,88.626,40.714,,,,
2076,8/1/2017 12:30,91.917,35.508,,,,
2077,8/1/2017 13:00,83.332,46.798,,,,
2078,8/1/2017 13:30,85.712,43.387,,,,
2079,8/1/2017 14:00,91.076,39.048,,,,
2080,8/1/2017 14:30,89.685,39.103,,,,
2081,8/1/2017 15:00,90.612,38.247,,,,
2082,8/1/2017 15:30,87.346,42.001,,,,
2083,8/1/2017 16:00,84.452,45.21,,,,
2084,8/1/2017 16:30,84.542,46.587,,,,
2085,8/1/2017 17:00,81.597,51.826,,,,
2086,8/1/2017 17:30,86.981,49.486,,,,
2087,8/1/2017 18:00,89.731,40.713,,,,
2088,8/1/2017 18:30,86.074,42.981,,,,
2089,8/1/2017 19:00,83.021,47.62,,,,
2090,8/1/2017 19:30,81.819,51.747,,,,
2091,8/1/2017 20:00,80.802,54.464,,,,
2092,8/1/2017 20:30,77.378,60.051,,,,
2093,8/1/2017 21:00,72.912,69.869,,,,
2094,8/1/2017 21:30,69.085,80.025,,,,
2095,8/1/2017 22:00,67.071,85.626,,,,
2096,8/1/2017 22:30,65.872,88.929,,,,
2097,8/1/2017 23:00,66.258,89.494,,,,
2098,8/1/2017 23:30,65.23,90.377,,,,
2099,8/2/2017 0:00,64.033,92.131,,,,
2100,8/2/2017 0:30,63.39,92.413,,,,
2101,8/2/2017 1:00,62.962,93.355,,,,
2102,8/2/2017 1:30,63.048,93.525,,,,
2103,8/2/2017 2:00,65.359,94.301,,,,
2104,8/2/2017 2:30,64.247,94.274,,,,
2105,8/2/2017 3:00,64.888,93.522,,,,
2106,8/2/2017 3:30,63.262,94.212,,,,
2107,8/2/2017 4:00,62.233,95.031,,,,
2108,8/2/2017 4:30,62.019,95.312,,,,
2109,8/2/2017 5:00,60.948,94.767,,,,
2110,8/2/2017 5:30,60.861,96.025,,,,
2111,8/2/2017 6:00,60.861,96.232,,,,
2112,8/2/2017 6:30,62.704,96.14,,,,
2113,8/2/2017 7:00,62.661,95.978,,,,
2114,8/2/2017 7:30,64.033,95.343,,,,
2115,8/2/2017 8:00,67.028,90.218,,,,
2116,8/2/2017 8:30,69.343,85.42,,,,
2117,8/2/2017 9:00,72.523,81.17,,,,
2118,8/2/2017 9:30,75.551,75.635,,,,
2119,8/2/2017 10:00,79.128,68.047,,,,
2120,8/2/2017 10:30,80.935,64.579,,,,
2121,8/2/2017 11:00,85.035,56.858,,,,
2122,8/2/2017 11:30,87.528,51.402,,,,
2123,8/2/2017 12:00,89.823,47.894,,,,
2124,8/2/2017 12:30,85.894,48.241,,,,
2125,8/2/2017 13:00,89.177,43.672,,,,
2126,8/2/2017 13:30,91.729,39.354,,,,
2127,8/2/2017 14:00,88.718,43.113,,,,
2128,8/2/2017 14:30,94.323,38.827,,,,
2129,8/2/2017 15:00,89.593,40.103,,,,
2130,8/2/2017 15:30,91.263,37.845,,,,
2131,8/2/2017 16:00,91.308,40.605,,,,
2132,8/2/2017 16:30,88.306,41.428,,,,
2133,8/2/2017 17:00,84.137,44.6,,,,
2134,8/2/2017 17:30,87.483,40.946,,,,
2135,8/2/2017 18:00,88.259,38.082,,,,
2136,8/2/2017 18:30,87.346,39.036,,,,
2137,8/2/2017 19:00,83.601,46.588,,,,
2138,8/2/2017 19:30,81.775,50.721,,,,
2139,8/2/2017 20:00,79.347,54.066,,,,
2140,8/2/2017 20:30,76.55,60.471,,,,
2141,8/2/2017 21:00,72.48,71.71,,,,
2142,8/2/2017 21:30,68.742,83.041,,,,
2143,8/2/2017 22:00,67.199,86.63,,,,
2144,8/2/2017 22:30,65.615,87.948,,,,
2145,8/2/2017 23:00,64.375,88.352,,,,
2146,8/2/2017 23:30,63.518,89.528,,,,
2147,8/3/2017 0:00,62.49,91.493,,,,
2148,8/3/2017 0:30,62.105,92.206,,,,
2149,8/3/2017 1:00,61.72,91.915,,,,
2150,8/3/2017 1:30,61.29,93.354,,,,
2151,8/3/2017 2:00,61.119,93.984,,,,
2152,8/3/2017 2:30,60.39,93.305,,,,
2153,8/3/2017 3:00,60.26,94.173,,,,
2154,8/3/2017 3:30,60.174,95.2,,,,
2155,8/3/2017 4:00,59.916,94.566,,,,
2156,8/3/2017 4:30,59.486,95.41,,,,
2157,8/3/2017 5:00,59.401,95.165,,,,
2158,8/3/2017 5:30,59.315,95.334,,,,
2159,8/3/2017 6:00,59.401,95.862,,,,
2160,8/3/2017 6:30,58.971,96.673,,,,
2161,8/3/2017 7:00,59.83,96.698,,,,
2162,8/3/2017 7:30,62.233,96.537,,,,
2163,8/3/2017 8:00,67.372,93.448,,,,
2164,8/3/2017 8:30,67.928,91.12,,,,
2165,8/3/2017 9:00,74.64,81.451,,,,
2166,8/3/2017 9:30,78.251,71.219,,,,
2167,8/3/2017 10:00,82.175,62.297,,,,
2168,8/3/2017 10:30,83.691,57.158,,,,
2169,8/3/2017 11:00,85.894,54.293,,,,
2170,8/3/2017 11:30,89.04,48.591,,,,
2171,8/3/2017 12:00,89.915,46.03,,,,
2172,8/3/2017 12:30,92.997,41.778,,,,
2173,8/3/2017 13:00,95.279,38.339,,,,
2174,8/3/2017 13:30,96.337,36.423,,,,
2175,8/3/2017 14:00,93.186,39.235,,,,
2176,8/3/2017 14:30,81.111,58.822,,,,
2177,8/3/2017 15:00,80.449,61.092,,,,
2178,8/3/2017 15:30,91.683,48.317,,,,
2179,8/3/2017 16:00,79.567,62.585,,,,
2180,8/3/2017 16:30,76.246,70.091,,,,
2181,8/3/2017 17:00,72.437,90.515,,,,
2182,8/3/2017 17:30,72.437,83.525,,,,
2183,8/3/2017 18:00,74.64,76.202,,,,
2184,8/3/2017 18:30,74.12,72.764,,,,
2185,8/3/2017 19:00,73.342,72.651,,,,
2186,8/3/2017 19:30,72.869,74.933,,,,
2187,8/3/2017 20:00,72.307,76.259,,,,
2188,8/3/2017 20:30,71.017,76.919,,,,
2189,8/3/2017 21:00,67.714,81.239,,,,
2190,8/3/2017 21:30,65.788,84.39,,,,
2191,8/3/2017 22:00,65.316,87.474,,,,
2192,8/3/2017 22:30,66.985,87.312,,,,
2193,8/3/2017 23:00,67.456,85.977,,,,
2194,8/3/2017 23:30,67.543,86.537,,,,
2195,8/4/2017 0:00,66.385,91.766,,,,
2196,8/4/2017 0:30,66.043,93.368,,,,
2197,8/4/2017 1:00,65.403,95.542,,,,
2198,8/4/2017 1:30,64.76,97.169,,,,
2199,8/4/2017 2:00,64.674,97.959,,,,
2200,8/4/2017 2:30,64.674,98.14,,,,
2201,8/4/2017 3:00,64.459,98.521,,,,
2202,8/4/2017 3:30,64.76,98.617,,,,
2203,8/4/2017 4:00,64.974,98.907,,,,
2204,8/4/2017 4:30,65.745,98.92,,,,
2205,8/4/2017 5:00,66.214,98.965,,,,
2206,8/4/2017 5:30,66.344,98.648,,,,
2207,8/4/2017 6:00,66.429,98.324,,,,
2208,8/4/2017 6:30,66.173,97.767,,,,
2209,8/4/2017 7:00,61.59,95.484,,,,
2210,8/4/2017 7:30,61.462,95.179,,,,
2211,8/4/2017 8:00,61.162,94.616,,,,
2212,8/4/2017 8:30,62.447,90.903,,,,
2213,8/4/2017 9:00,64.117,84.481,,,,
2214,8/4/2017 9:30,62.834,84.319,,,,
2215,8/4/2017 10:00,63.732,76.801,,,,
2216,8/4/2017 10:30,63.005,76.152,,,,
2217,8/4/2017 11:00,61.934,75.237,,,,
2218,8/4/2017 11:30,60.517,78.647,,,,
2219,8/4/2017 12:00,61.633,77.405,,,,
2220,8/4/2017 12:30,60.604,80.242,,,,
2221,8/4/2017 13:00,63.262,75.273,,,,
2222,8/4/2017 13:30,74.683,60.981,,,,
2223,8/4/2017 14:00,75.81,51.265,,,,
2224,8/4/2017 14:30,75.637,49.379,,,,
2225,8/4/2017 15:00,77.203,46.091,,,,
2226,8/4/2017 15:30,76.071,49.665,,,,
2227,8/4/2017 16:00,75.898,51.461,,,,
2228,8/4/2017 16:30,73.645,51.261,,,,
2229,8/4/2017 17:00,73.126,54.608,,,,
2230,8/4/2017 17:30,72.826,56.325,,,,
2231,8/4/2017 18:00,72.653,58.256,,,,
2232,8/4/2017 18:30,72.567,58.987,,,,
2233,8/4/2017 19:00,72.61,59.573,,,,
2234,8/4/2017 19:30,72.48,59.409,,,,
2235,8/4/2017 20:00,72.48,59.348,,,,
2236,8/4/2017 20:30,72.394,58.972,,,,
2237,8/4/2017 21:00,72.351,58.815,,,,
2238,8/4/2017 21:30,72.307,57.21,,,,
2239,8/4/2017 22:00,72.307,55.755,,,,
2240,8/4/2017 22:30,72.351,54.484,,,,
2241,8/4/2017 23:00,72.264,53.291,,,,
2242,8/4/2017 23:30,72.264,53.76,,,,
2243,8/5/2017 0:00,72.264,53.353,,,,
2244,8/5/2017 0:30,72.221,52.818,,,,
2245,8/5/2017 1:00,72.264,53.103,,,,
2246,8/5/2017 1:30,72.264,53.478,,,,
2247,8/5/2017 2:00,72.307,53.732,,,,
2248,8/5/2017 2:30,72.264,54.228,,,,
2249,8/5/2017 3:00,72.307,54.075,,,,
2250,8/5/2017 3:30,72.307,53.732,,,,
2251,8/5/2017 4:00,72.307,53.138,,,,
2252,8/5/2017 4:30,72.307,52.731,,,,
2253,8/5/2017 5:00,72.307,52.009,,,,
2254,8/5/2017 5:30,72.307,52.292,,,,
2255,8/5/2017 6:00,72.351,52.138,,,,
2256,8/5/2017 6:30,72.307,52.135,,,,
2257,8/5/2017 7:00,72.351,51.918,,,,
2258,8/5/2017 7:30,72.394,51.733,,,,
2259,8/5/2017 8:00,72.136,52.216,,,,
2260,8/5/2017 8:30,72.05,51.424,,,,
2261,8/5/2017 9:00,71.964,51.323,,,,
2262,8/5/2017 9:30,71.964,51.229,,,,
2263,8/5/2017 10:00,71.834,51.156,,,,
2264,8/5/2017 10:30,71.834,50.305,,,,
2265,8/5/2017 11:00,71.704,48.397,,,,
2266,8/5/2017 11:30,71.577,47.052,,,,
2267,8/5/2017 12:00,71.577,46.382,,,,
2268,8/5/2017 12:30,71.533,46.379,,,,
2269,8/5/2017 13:00,71.49,46.184,,,,
2270,8/5/2017 13:30,71.361,46.143,,,,
2271,8/5/2017 14:00,71.404,45.827,,,,
2272,8/5/2017 14:30,71.404,45.507,,,,
2273,8/5/2017 15:00,71.361,45.824,,,,
2274,8/5/2017 15:30,71.361,46.08,,,,
2275,8/5/2017 16:00,71.317,45.981,,,,
2276,8/5/2017 16:30,71.361,46.718,,,,
2277,8/5/2017 17:00,71.404,46.593,,,,
2278,8/5/2017 17:30,71.361,48.499,,,,
2279,8/5/2017 18:00,71.577,56.067,,,,
2280,8/5/2017 18:30,71.704,57.375,,,,
2281,8/5/2017 19:00,71.533,59.663,,,,
2282,8/5/2017 19:30,71.577,60.034,,,,
2283,8/5/2017 20:00,71.49,61.032,,,,
2284,8/5/2017 20:30,71.577,61.222,,,,
2285,8/5/2017 21:00,71.577,60.125,,,,
2286,8/5/2017 21:30,71.661,59.062,,,,
2287,8/5/2017 22:00,71.791,58.46,,,,
2288,8/5/2017 22:30,71.834,58.279,,,,
2289,8/5/2017 23:00,71.877,58.313,,,,
2290,8/5/2017 23:30,71.877,58.682,,,,
2291,8/6/2017 0:00,71.92,58.716,,,,
2292,8/6/2017 0:30,71.964,58.751,,,,
2293,8/6/2017 1:00,71.877,58.59,,,,
2294,8/6/2017 1:30,71.92,58.286,,,,
2295,8/6/2017 2:00,71.92,58.071,,,,
2296,8/6/2017 2:30,72.007,57.924,,,,
2297,8/6/2017 3:00,71.964,57.428,,,,
2298,8/6/2017 3:30,71.964,57.243,,,,
2299,8/6/2017 4:00,71.964,56.934,,,,
2300,8/6/2017 4:30,71.92,57.085,,,,
2301,8/6/2017 5:00,71.92,57.393,,,,
2302,8/6/2017 5:30,71.964,57.582,,,,
2303,8/6/2017 6:00,71.964,57.335,,,,
2304,8/6/2017 6:30,72.007,56.969,,,,
2305,8/6/2017 7:00,72.007,57.03,,,,
2306,8/6/2017 7:30,71.964,57.551,,,,
2307,8/6/2017 8:00,71.834,58.371,,,,
2308,8/6/2017 8:30,71.748,59.284,,,,
2309,8/6/2017 9:00,71.62,60.221,,,,
2310,8/6/2017 9:30,71.533,61.127,,,,
2311,8/6/2017 10:00,71.49,61.549,,,,
2312,8/6/2017 10:30,71.404,62.3,,,,
2313,8/6/2017 11:00,71.361,63.294,,,,
2314,8/6/2017 11:30,71.404,63.72,,,,
2315,8/6/2017 12:00,71.404,64.142,,,,
2316,8/6/2017 12:30,71.404,64.443,,,,
2317,8/6/2017 13:00,71.361,64.288,,,,
2318,8/6/2017 13:30,71.361,63.626,,,,
2319,8/6/2017 14:00,71.317,62.746,,,,
2320,8/6/2017 14:30,71.274,61.651,,,,
2321,8/6/2017 15:00,71.231,61.1,,,,
2322,8/6/2017 15:30,71.274,59.916,,,,
2323,8/6/2017 16:00,71.19,58.899,,,,
2324,8/6/2017 16:30,71.274,58.538,,,,
2325,8/6/2017 17:00,71.274,58.17,,,,
2326,8/6/2017 17:30,71.274,58.661,,,,
2327,8/6/2017 18:00,71.274,56.938,,,,
2328,8/6/2017 18:30,71.274,58.231,,,,
2329,8/6/2017 19:00,71.274,57.431,,,,
2330,8/6/2017 19:30,71.19,59.786,,,,
2331,8/6/2017 20:00,71.361,60.442,,,,
2332,8/6/2017 20:30,71.447,60.602,,,,
2333,8/6/2017 21:00,71.49,60.484,,,,
2334,8/6/2017 21:30,71.533,60.488,,,,
2335,8/6/2017 22:00,71.62,61.378,,,,
2336,8/6/2017 22:30,71.748,61.603,,,,
2337,8/6/2017 23:00,71.661,61.504,,,,
2338,8/6/2017 23:30,71.748,61.724,,,,
2339,8/7/2017 0:00,71.748,61.664,,,,
2340,8/7/2017 0:30,71.834,62.096,,,,
2341,8/7/2017 1:00,71.791,62.062,,,,
2342,8/7/2017 1:30,71.791,62.244,,,,
2343,8/7/2017 2:00,71.791,61.941,,,,
2344,8/7/2017 2:30,71.834,62.036,,,,
2345,8/7/2017 3:00,71.834,61.945,,,,
2346,8/7/2017 3:30,71.834,62.096,,,,
2347,8/7/2017 4:00,71.791,61.667,,,,
2348,8/7/2017 4:30,71.834,61.611,,,,
2349,8/7/2017 5:00,71.834,61.002,,,,
2350,8/7/2017 5:30,71.834,61.185,,,,
2351,8/7/2017 6:00,71.834,61.002,,,,
2352,8/7/2017 6:30,71.877,61.402,,,,
2353,8/7/2017 7:00,71.92,61.345,,,,
2354,8/7/2017 7:30,71.834,61.215,,,,
2355,8/7/2017 8:00,71.704,61.568,,,,
2356,8/7/2017 8:30,73.299,60.797,,,,
2357,8/7/2017 8:56,,,,Logged,Logged,Logged
